category,group,charge_split,r,M_lo_GeV,M_hi_GeV,M_hi_fittable_GeV,n_s
e0m0j0b1Z1_0met,bZ,1,0.072,131,5000,1063,29.0
e0m0j0b1Z1_1met,bZ,1,0.072,131,5000,131,0.0
e0m0j0b2Z1_0met,bb,1,0.100,100,5000,100,0.0
e0m0j0b2Z1_0met,bZ,1,0.072,131,5000,131,0.0
e0m0j0b2Z1_0met,bZ,1,0.072,131,5000,131,0.0
e0m0j0b2Z1_0met,bbZ,1,0.082,171,4000,171,0.0
e0m0j0b2Z1_1met,bb,1,0.100,100,5000,100,0.0
e0m0j0b2Z1_1met,bZ,1,0.072,131,5000,131,0.0
e0m0j0b2Z1_1met,bZ,1,0.072,131,5000,131,0.0
e0m0j0b2Z1_1met,bbZ,1,0.082,171,4000,171,0.0
e0m0j0b3Z1_0met,bb,1,0.100,100,5000,100,0.0
e0m0j0b3Z1_0met,bb,1,0.100,100,5000,100,0.0
e0m0j0b3Z1_0met,bZ,1,0.072,131,5000,131,0.0
e0m0j0b3Z1_0met,bb,1,0.100,100,5000,100,0.0
e0m0j0b3Z1_0met,bZ,1,0.072,131,5000,131,0.0
e0m0j0b3Z1_0met,bZ,1,0.072,131,5000,131,0.0
e0m0j0b3Z1_0met,bbb,1,0.100,150,4000,150,0.0
e0m0j0b3Z1_0met,bbZ,1,0.082,171,4000,171,0.0
e0m0j0b3Z1_0met,bbZ,1,0.082,171,4000,171,0.0
e0m0j0b3Z1_0met,bbZ,1,0.082,171,4000,171,0.0
e0m0j0b3Z1_0met,bbbZ,1,0.087,211,3000,211,0.0
e0m0j0b3Z1_1met,bb,1,0.100,100,5000,100,0.0
e0m0j0b3Z1_1met,bb,1,0.100,100,5000,100,0.0
e0m0j0b3Z1_1met,bZ,1,0.072,131,5000,131,0.0
e0m0j0b3Z1_1met,bb,1,0.100,100,5000,100,0.0
e0m0j0b3Z1_1met,bZ,1,0.072,131,5000,131,0.0
e0m0j0b3Z1_1met,bZ,1,0.072,131,5000,131,0.0
e0m0j0b3Z1_1met,bbb,1,0.100,150,4000,150,0.0
e0m0j0b3Z1_1met,bbZ,1,0.082,171,4000,171,0.0
e0m0j0b3Z1_1met,bbZ,1,0.082,171,4000,171,0.0
e0m0j0b3Z1_1met,bbZ,1,0.082,171,4000,171,0.0
e0m0j0b3Z1_1met,bbbZ,1,0.087,211,3000,211,0.0
e0m0j1b0Z1_0met,jZ,1,0.038,131,5000,1403,62.2
e0m0j1b0Z1_1met,jZ,1,0.038,131,5000,533,36.8
e0m0j1b1Z1_0met,jb,1,0.079,100,5000,1079,30.1
e0m0j1b1Z1_0met,jZ,1,0.038,131,5000,956,52.1
e0m0j1b1Z1_0met,bZ,1,0.072,131,5000,1063,29.0
e0m0j1b1Z1_0met,jbZ,1,0.066,171,4000,1046,27.6
e0m0j1b1Z1_1met,jb,1,0.079,100,5000,100,0.0
e0m0j1b1Z1_1met,jZ,1,0.038,131,5000,363,26.7
e0m0j1b1Z1_1met,bZ,1,0.072,131,5000,131,0.0
e0m0j1b1Z1_1met,jbZ,1,0.066,171,4000,171,0.0
e0m0j1b2Z1_0met,jb,1,0.079,100,5000,735,25.2
e0m0j1b2Z1_0met,jb,1,0.079,100,5000,735,25.2
e0m0j1b2Z1_0met,jZ,1,0.038,131,5000,651,42.1
e0m0j1b2Z1_0met,bb,1,0.100,100,5000,100,0.0
e0m0j1b2Z1_0met,bZ,1,0.072,131,5000,131,0.0
e0m0j1b2Z1_0met,bZ,1,0.072,131,5000,131,0.0
e0m0j1b2Z1_0met,jbb,1,0.087,150,4000,150,0.0
e0m0j1b2Z1_0met,jbZ,1,0.066,171,4000,171,0.0
e0m0j1b2Z1_0met,jbZ,1,0.066,171,4000,171,0.0
e0m0j1b2Z1_0met,bbZ,1,0.082,171,4000,171,0.0
e0m0j1b2Z1_0met,jbbZ,1,0.076,211,3000,211,0.0
e0m0j1b2Z1_1met,jb,1,0.079,100,5000,100,0.0
e0m0j1b2Z1_1met,jb,1,0.079,100,5000,100,0.0
e0m0j1b2Z1_1met,jZ,1,0.038,131,5000,131,0.0
e0m0j1b2Z1_1met,bb,1,0.100,100,5000,100,0.0
e0m0j1b2Z1_1met,bZ,1,0.072,131,5000,131,0.0
e0m0j1b2Z1_1met,bZ,1,0.072,131,5000,131,0.0
e0m0j1b2Z1_1met,jbb,1,0.087,150,4000,150,0.0
e0m0j1b2Z1_1met,jbZ,1,0.066,171,4000,171,0.0
e0m0j1b2Z1_1met,jbZ,1,0.066,171,4000,171,0.0
e0m0j1b2Z1_1met,bbZ,1,0.082,171,4000,171,0.0
e0m0j1b2Z1_1met,jbbZ,1,0.076,211,3000,211,0.0
e0m0j2b0Z1_0met,jj,1,0.050,100,5000,1468,53.7
e0m0j2b0Z1_0met,jZ,1,0.038,131,5000,1403,62.2
e0m0j2b0Z1_0met,jZ,1,0.038,131,5000,1403,62.2
e0m0j2b0Z1_0met,jjZ,1,0.042,171,4000,1428,50.0
e0m0j2b0Z1_1met,jj,1,0.050,100,5000,557,34.4
e0m0j2b0Z1_1met,jZ,1,0.038,131,5000,533,36.8
e0m0j2b0Z1_1met,jZ,1,0.038,131,5000,533,36.8
e0m0j2b0Z1_1met,jjZ,1,0.042,171,4000,542,27.2
e0m0j2b1Z1_0met,jj,1,0.050,100,5000,1000,46.1
e0m0j2b1Z1_0met,jb,1,0.079,100,5000,1079,30.1
e0m0j2b1Z1_0met,jZ,1,0.038,131,5000,956,52.1
e0m0j2b1Z1_0met,jb,1,0.079,100,5000,1079,30.1
e0m0j2b1Z1_0met,jZ,1,0.038,131,5000,956,52.1
e0m0j2b1Z1_0met,bZ,1,0.072,131,5000,1063,29.0
e0m0j2b1Z1_0met,jjb,1,0.071,150,4000,1059,27.6
e0m0j2b1Z1_0met,jjZ,1,0.042,171,4000,973,41.0
e0m0j2b1Z1_0met,jbZ,1,0.066,171,4000,1046,27.6
e0m0j2b1Z1_0met,jbZ,1,0.066,171,4000,1046,27.6
e0m0j2b1Z1_0met,jjbZ,1,0.062,211,3000,1037,25.6
e0m0j2b1Z1_1met,jj,1,0.050,100,5000,380,26.7
e0m0j2b1Z1_1met,jb,1,0.079,100,5000,100,0.0
e0m0j2b1Z1_1met,jZ,1,0.038,131,5000,363,26.7
e0m0j2b1Z1_1met,jb,1,0.079,100,5000,100,0.0
e0m0j2b1Z1_1met,jZ,1,0.038,131,5000,363,26.7
e0m0j2b1Z1_1met,bZ,1,0.072,131,5000,131,0.0
e0m0j2b1Z1_1met,jjb,1,0.071,150,4000,150,0.0
e0m0j2b1Z1_1met,jjZ,1,0.042,171,4000,171,0.0
e0m0j2b1Z1_1met,jbZ,1,0.066,171,4000,171,0.0
e0m0j2b1Z1_1met,jbZ,1,0.066,171,4000,171,0.0
e0m0j2b1Z1_1met,jjbZ,1,0.062,211,3000,211,0.0
e0m0j3b0Z1_0met,jj,1,0.050,100,5000,1468,53.7
e0m0j3b0Z1_0met,jj,1,0.050,100,5000,1468,53.7
e0m0j3b0Z1_0met,jZ,1,0.038,131,5000,1403,62.2
e0m0j3b0Z1_0met,jj,1,0.050,100,5000,1468,53.7
e0m0j3b0Z1_0met,jZ,1,0.038,131,5000,1403,62.2
e0m0j3b0Z1_0met,jZ,1,0.038,131,5000,1403,62.2
e0m0j3b0Z1_0met,jjj,1,0.050,150,4000,1468,45.6
e0m0j3b0Z1_0met,jjZ,1,0.042,171,4000,1428,50.0
e0m0j3b0Z1_0met,jjZ,1,0.042,171,4000,1428,50.0
e0m0j3b0Z1_0met,jjZ,1,0.042,171,4000,1428,50.0
e0m0j3b0Z1_0met,jjjZ,1,0.044,211,3000,1439,43.2
e0m0j3b0Z1_1met,jj,1,0.050,100,5000,557,34.4
e0m0j3b0Z1_1met,jj,1,0.050,100,5000,557,34.4
e0m0j3b0Z1_1met,jZ,1,0.038,131,5000,533,36.8
e0m0j3b0Z1_1met,jj,1,0.050,100,5000,557,34.4
e0m0j3b0Z1_1met,jZ,1,0.038,131,5000,533,36.8
e0m0j3b0Z1_1met,jZ,1,0.038,131,5000,533,36.8
e0m0j3b0Z1_1met,jjj,1,0.050,150,4000,557,26.3
e0m0j3b0Z1_1met,jjZ,1,0.042,171,4000,542,27.2
e0m0j3b0Z1_1met,jjZ,1,0.042,171,4000,542,27.2
e0m0j3b0Z1_1met,jjZ,1,0.042,171,4000,542,27.2
e0m0j3b0Z1_1met,jjjZ,1,0.044,211,3000,211,0.0
e0m1j0b0Z1_0met,mZ,1,0.020,131,5000,478,64.7
e0m1j0b0Z1_1met,mZ,1,0.020,131,5000,131,0.0
e0m1j0b1Z0_0met,mb,1,0.072,100,5000,2750,46.0
e0m1j0b1Z0_1met,mb,1,0.072,100,5000,1044,32.5
e0m1j0b1Z1_0met,mb,1,0.072,100,5000,100,0.0
e0m1j0b1Z1_0met,mZ,1,0.020,131,5000,326,45.5
e0m1j0b1Z1_0met,bZ,1,0.072,131,5000,131,0.0
e0m1j0b1Z1_0met,mbZ,1,0.060,171,4000,171,0.0
e0m1j0b1Z1_1met,mb,1,0.072,100,5000,100,0.0
e0m1j0b1Z1_1met,mZ,1,0.020,131,5000,131,0.0
e0m1j0b1Z1_1met,bZ,1,0.072,131,5000,131,0.0
e0m1j0b1Z1_1met,mbZ,1,0.060,171,4000,171,0.0
e0m1j0b2Z0_0met,mb,1,0.072,100,5000,1874,40.6
e0m1j0b2Z0_0met,mb,1,0.072,100,5000,1874,40.6
e0m1j0b2Z0_0met,bb,1,0.100,100,5000,1979,29.8
e0m1j0b2Z0_0met,mbb,1,0.082,150,4000,1916,30.9
e0m1j0b2Z0_1met,mb,1,0.072,100,5000,712,27.2
e0m1j0b2Z0_1met,mb,1,0.072,100,5000,712,27.2
e0m1j0b2Z0_1met,bb,1,0.100,100,5000,100,0.0
e0m1j0b2Z0_1met,mbb,1,0.082,150,4000,150,0.0
e0m1j0b2Z1_0met,mb,1,0.072,100,5000,100,0.0
e0m1j0b2Z1_0met,mb,1,0.072,100,5000,100,0.0
e0m1j0b2Z1_0met,mZ,1,0.020,131,5000,222,26.3
e0m1j0b2Z1_0met,bb,1,0.100,100,5000,100,0.0
e0m1j0b2Z1_0met,bZ,1,0.072,131,5000,131,0.0
e0m1j0b2Z1_0met,bZ,1,0.072,131,5000,131,0.0
e0m1j0b2Z1_0met,mbb,1,0.082,150,4000,150,0.0
e0m1j0b2Z1_0met,mbZ,1,0.060,171,4000,171,0.0
e0m1j0b2Z1_0met,mbZ,1,0.060,171,4000,171,0.0
e0m1j0b2Z1_0met,bbZ,1,0.082,171,4000,171,0.0
e0m1j0b2Z1_0met,mbbZ,1,0.072,211,3000,211,0.0
e0m1j0b2Z1_1met,mb,1,0.072,100,5000,100,0.0
e0m1j0b2Z1_1met,mb,1,0.072,100,5000,100,0.0
e0m1j0b2Z1_1met,mZ,1,0.020,131,5000,131,0.0
e0m1j0b2Z1_1met,bb,1,0.100,100,5000,100,0.0
e0m1j0b2Z1_1met,bZ,1,0.072,131,5000,131,0.0
e0m1j0b2Z1_1met,bZ,1,0.072,131,5000,131,0.0
e0m1j0b2Z1_1met,mbb,1,0.082,150,4000,150,0.0
e0m1j0b2Z1_1met,mbZ,1,0.060,171,4000,171,0.0
e0m1j0b2Z1_1met,mbZ,1,0.060,171,4000,171,0.0
e0m1j0b2Z1_1met,bbZ,1,0.082,171,4000,171,0.0
e0m1j0b2Z1_1met,mbbZ,1,0.072,211,3000,211,0.0
e0m1j0b3Z0_0met,mb,1,0.072,100,5000,1277,35.3
e0m1j0b3Z0_0met,mb,1,0.072,100,5000,1277,35.3
e0m1j0b3Z0_0met,mb,1,0.072,100,5000,1277,35.3
e0m1j0b3Z0_0met,bb,1,0.100,100,5000,1348,26.0
e0m1j0b3Z0_0met,bb,1,0.100,100,5000,1348,26.0
e0m1j0b3Z0_0met,bb,1,0.100,100,5000,1348,26.0
e0m1j0b3Z0_0met,mbb,1,0.082,150,4000,1305,26.2
e0m1j0b3Z0_0met,mbb,1,0.082,150,4000,1305,26.2
e0m1j0b3Z0_0met,mbb,1,0.082,150,4000,1305,26.2
e0m1j0b3Z0_0met,bbb,1,0.100,150,4000,150,0.0
e0m1j0b3Z0_0met,mbbb,1,0.087,200,3000,200,0.0
e0m1j0b3Z0_1met,mb,1,0.072,100,5000,100,0.0
e0m1j0b3Z0_1met,mb,1,0.072,100,5000,100,0.0
e0m1j0b3Z0_1met,mb,1,0.072,100,5000,100,0.0
e0m1j0b3Z0_1met,bb,1,0.100,100,5000,100,0.0
e0m1j0b3Z0_1met,bb,1,0.100,100,5000,100,0.0
e0m1j0b3Z0_1met,bb,1,0.100,100,5000,100,0.0
e0m1j0b3Z0_1met,mbb,1,0.082,150,4000,150,0.0
e0m1j0b3Z0_1met,mbb,1,0.082,150,4000,150,0.0
e0m1j0b3Z0_1met,mbb,1,0.082,150,4000,150,0.0
e0m1j0b3Z0_1met,bbb,1,0.100,150,4000,150,0.0
e0m1j0b3Z0_1met,mbbb,1,0.087,200,3000,200,0.0
e0m1j1b0Z0_0met,mj,1,0.038,100,5000,3629,94.3
e0m1j1b0Z0_1met,mj,1,0.038,100,5000,1378,68.9
e0m1j1b0Z1_0met,mj,1,0.038,100,5000,533,43.9
e0m1j1b0Z1_0met,mZ,1,0.020,131,5000,478,64.7
e0m1j1b0Z1_0met,jZ,1,0.038,131,5000,533,36.8
e0m1j1b0Z1_0met,mjZ,1,0.033,171,4000,521,33.5
e0m1j1b0Z1_1met,mj,1,0.038,100,5000,100,0.0
e0m1j1b0Z1_1met,mZ,1,0.020,131,5000,131,0.0
e0m1j1b0Z1_1met,jZ,1,0.038,131,5000,131,0.0
e0m1j1b0Z1_1met,mjZ,1,0.033,171,4000,171,0.0
e0m1j1b1Z0_0met,mj,1,0.038,100,5000,2473,84.2
e0m1j1b1Z0_0met,mb,1,0.072,100,5000,2750,46.0
e0m1j1b1Z0_0met,jb,1,0.079,100,5000,2793,42.1
e0m1j1b1Z0_0met,mjb,1,0.066,150,4000,2707,44.1
e0m1j1b1Z0_1met,mj,1,0.038,100,5000,939,58.8
e0m1j1b1Z0_1met,mb,1,0.072,100,5000,1044,32.5
e0m1j1b1Z0_1met,jb,1,0.079,100,5000,1061,29.9
e0m1j1b1Z0_1met,mjb,1,0.066,150,4000,1028,29.4
e0m1j1b1Z1_0met,mj,1,0.038,100,5000,363,33.9
e0m1j1b1Z1_0met,mb,1,0.072,100,5000,100,0.0
e0m1j1b1Z1_0met,mZ,1,0.020,131,5000,326,45.5
e0m1j1b1Z1_0met,jb,1,0.079,100,5000,100,0.0
e0m1j1b1Z1_0met,jZ,1,0.038,131,5000,363,26.7
e0m1j1b1Z1_0met,bZ,1,0.072,131,5000,131,0.0
e0m1j1b1Z1_0met,mjb,1,0.066,150,4000,150,0.0
e0m1j1b1Z1_0met,mjZ,1,0.033,171,4000,171,0.0
e0m1j1b1Z1_0met,mbZ,1,0.060,171,4000,171,0.0
e0m1j1b1Z1_0met,jbZ,1,0.066,171,4000,171,0.0
e0m1j1b1Z1_0met,mjbZ,1,0.058,211,3000,211,0.0
e0m1j1b1Z1_1met,mj,1,0.038,100,5000,100,0.0
e0m1j1b1Z1_1met,mb,1,0.072,100,5000,100,0.0
e0m1j1b1Z1_1met,mZ,1,0.020,131,5000,131,0.0
e0m1j1b1Z1_1met,jb,1,0.079,100,5000,100,0.0
e0m1j1b1Z1_1met,jZ,1,0.038,131,5000,131,0.0
e0m1j1b1Z1_1met,bZ,1,0.072,131,5000,131,0.0
e0m1j1b1Z1_1met,mjb,1,0.066,150,4000,150,0.0
e0m1j1b1Z1_1met,mjZ,1,0.033,171,4000,171,0.0
e0m1j1b1Z1_1met,mbZ,1,0.060,171,4000,171,0.0
e0m1j1b1Z1_1met,jbZ,1,0.066,171,4000,171,0.0
e0m1j1b1Z1_1met,mjbZ,1,0.058,211,3000,211,0.0
e0m1j1b2Z0_0met,mj,1,0.038,100,5000,1685,74.2
e0m1j1b2Z0_0met,mb,1,0.072,100,5000,1874,40.6
e0m1j1b2Z0_0met,mb,1,0.072,100,5000,1874,40.6
e0m1j1b2Z0_0met,jb,1,0.079,100,5000,1903,37.3
e0m1j1b2Z0_0met,jb,1,0.079,100,5000,1903,37.3
e0m1j1b2Z0_0met,bb,1,0.100,100,5000,1979,29.8
e0m1j1b2Z0_0met,mjb,1,0.066,150,4000,1844,38.3
e0m1j1b2Z0_0met,mjb,1,0.066,150,4000,1844,38.3
e0m1j1b2Z0_0met,mbb,1,0.082,150,4000,1916,30.9
e0m1j1b2Z0_0met,jbb,1,0.087,150,4000,1932,29.5
e0m1j1b2Z0_0met,mjbb,1,0.076,200,3000,1889,29.7
e0m1j1b2Z0_1met,mj,1,0.038,100,5000,640,48.7
e0m1j1b2Z0_1met,mb,1,0.072,100,5000,712,27.2
e0m1j1b2Z0_1met,mb,1,0.072,100,5000,712,27.2
e0m1j1b2Z0_1met,jb,1,0.079,100,5000,723,25.0
e0m1j1b2Z0_1met,jb,1,0.079,100,5000,723,25.0
e0m1j1b2Z0_1met,bb,1,0.100,100,5000,100,0.0
e0m1j1b2Z0_1met,mjb,1,0.066,150,4000,150,0.0
e0m1j1b2Z0_1met,mjb,1,0.066,150,4000,150,0.0
e0m1j1b2Z0_1met,mbb,1,0.082,150,4000,150,0.0
e0m1j1b2Z0_1met,jbb,1,0.087,150,4000,150,0.0
e0m1j1b2Z0_1met,mjbb,1,0.076,200,3000,200,0.0
e0m1j2b0Z0_0met,mj,1,0.038,100,5000,3629,94.3
e0m1j2b0Z0_0met,mj,1,0.038,100,5000,3629,94.3
e0m1j2b0Z0_0met,jj,1,0.050,100,5000,3798,72.7
e0m1j2b0Z0_0met,mjj,1,0.042,150,4000,3695,75.5
e0m1j2b0Z0_1met,mj,1,0.038,100,5000,1378,68.9
e0m1j2b0Z0_1met,mj,1,0.038,100,5000,1378,68.9
e0m1j2b0Z0_1met,jj,1,0.050,100,5000,1442,53.4
e0m1j2b0Z0_1met,mjj,1,0.042,150,4000,1403,52.7
e0m1j2b0Z1_0met,mj,1,0.038,100,5000,533,43.9
e0m1j2b0Z1_0met,mj,1,0.038,100,5000,533,43.9
e0m1j2b0Z1_0met,mZ,1,0.020,131,5000,478,64.7
e0m1j2b0Z1_0met,jj,1,0.050,100,5000,557,34.4
e0m1j2b0Z1_0met,jZ,1,0.038,131,5000,533,36.8
e0m1j2b0Z1_0met,jZ,1,0.038,131,5000,533,36.8
e0m1j2b0Z1_0met,mjj,1,0.042,150,4000,542,30.3
e0m1j2b0Z1_0met,mjZ,1,0.033,171,4000,521,33.5
e0m1j2b0Z1_0met,mjZ,1,0.033,171,4000,521,33.5
e0m1j2b0Z1_0met,jjZ,1,0.042,171,4000,542,27.2
e0m1j2b0Z1_0met,mjjZ,1,0.038,211,3000,211,0.0
e0m1j2b0Z1_1met,mj,1,0.038,100,5000,100,0.0
e0m1j2b0Z1_1met,mj,1,0.038,100,5000,100,0.0
e0m1j2b0Z1_1met,mZ,1,0.020,131,5000,131,0.0
e0m1j2b0Z1_1met,jj,1,0.050,100,5000,100,0.0
e0m1j2b0Z1_1met,jZ,1,0.038,131,5000,131,0.0
e0m1j2b0Z1_1met,jZ,1,0.038,131,5000,131,0.0
e0m1j2b0Z1_1met,mjj,1,0.042,150,4000,150,0.0
e0m1j2b0Z1_1met,mjZ,1,0.033,171,4000,171,0.0
e0m1j2b0Z1_1met,mjZ,1,0.033,171,4000,171,0.0
e0m1j2b0Z1_1met,jjZ,1,0.042,171,4000,171,0.0
e0m1j2b0Z1_1met,mjjZ,1,0.038,211,3000,211,0.0
e0m1j2b1Z0_0met,mj,1,0.038,100,5000,2473,84.2
e0m1j2b1Z0_0met,mj,1,0.038,100,5000,2473,84.2
e0m1j2b1Z0_0met,mb,1,0.072,100,5000,2750,46.0
e0m1j2b1Z0_0met,jj,1,0.050,100,5000,2587,65.1
e0m1j2b1Z0_0met,jb,1,0.079,100,5000,2793,42.1
e0m1j2b1Z0_0met,jb,1,0.079,100,5000,2793,42.1
e0m1j2b1Z0_0met,mjj,1,0.042,150,4000,2517,66.5
e0m1j2b1Z0_0met,mjb,1,0.066,150,4000,2707,44.1
e0m1j2b1Z0_0met,mjb,1,0.066,150,4000,2707,44.1
e0m1j2b1Z0_0met,jjb,1,0.071,150,4000,2741,41.1
e0m1j2b1Z0_0met,mjjb,1,0.062,200,3000,2682,41.8
e0m1j2b1Z0_1met,mj,1,0.038,100,5000,939,58.8
e0m1j2b1Z0_1met,mj,1,0.038,100,5000,939,58.8
e0m1j2b1Z0_1met,mb,1,0.072,100,5000,1044,32.5
e0m1j2b1Z0_1met,jj,1,0.050,100,5000,983,45.7
e0m1j2b1Z0_1met,jb,1,0.079,100,5000,1061,29.9
e0m1j2b1Z0_1met,jb,1,0.079,100,5000,1061,29.9
e0m1j2b1Z0_1met,mjj,1,0.042,150,4000,956,43.7
e0m1j2b1Z0_1met,mjb,1,0.066,150,4000,1028,29.4
e0m1j2b1Z0_1met,mjb,1,0.066,150,4000,1028,29.4
e0m1j2b1Z0_1met,jjb,1,0.071,150,4000,1041,27.4
e0m1j2b1Z0_1met,mjjb,1,0.062,200,3000,1019,26.2
e0m1j3b0Z0_0met,mj,1,0.038,100,5000,3629,94.3
e0m1j3b0Z0_0met,mj,1,0.038,100,5000,3629,94.3
e0m1j3b0Z0_0met,mj,1,0.038,100,5000,3629,94.3
e0m1j3b0Z0_0met,jj,1,0.050,100,5000,3798,72.7
e0m1j3b0Z0_0met,jj,1,0.050,100,5000,3798,72.7
e0m1j3b0Z0_0met,jj,1,0.050,100,5000,3798,72.7
e0m1j3b0Z0_0met,mjj,1,0.042,150,4000,3695,75.5
e0m1j3b0Z0_0met,mjj,1,0.042,150,4000,3695,75.5
e0m1j3b0Z0_0met,mjj,1,0.042,150,4000,3695,75.5
e0m1j3b0Z0_0met,jjj,1,0.050,150,4000,3798,64.6
e0m1j3b0Z0_0met,mjjj,1,0.044,200,3000,3000,60.9
e0m1j3b0Z0_1met,mj,1,0.038,100,5000,1378,68.9
e0m1j3b0Z0_1met,mj,1,0.038,100,5000,1378,68.9
e0m1j3b0Z0_1met,mj,1,0.038,100,5000,1378,68.9
e0m1j3b0Z0_1met,jj,1,0.050,100,5000,1442,53.4
e0m1j3b0Z0_1met,jj,1,0.050,100,5000,1442,53.4
e0m1j3b0Z0_1met,jj,1,0.050,100,5000,1442,53.4
e0m1j3b0Z0_1met,mjj,1,0.042,150,4000,1403,52.7
e0m1j3b0Z0_1met,mjj,1,0.042,150,4000,1403,52.7
e0m1j3b0Z0_1met,mjj,1,0.042,150,4000,1403,52.7
e0m1j3b0Z0_1met,jjj,1,0.050,150,4000,1442,45.3
e0m1j3b0Z0_1met,mjjj,1,0.044,200,3000,1414,44.0
e0m2j0b0Z0_0met,mm,2,0.020,100,5000,1238,251.6
e0m2j0b0Z0_1met,mm,2,0.020,100,5000,470,154.8
e0m2j0b0Z1_0met,mm,2,0.020,100,5000,182,59.7
e0m2j0b0Z1_0met,mZ,2,0.020,131,5000,131,0.0
e0m2j0b0Z1_0met,mZ,2,0.020,131,5000,131,0.0
e0m2j0b0Z1_0met,mmZ,2,0.020,171,4000,171,0.0
e0m2j0b0Z1_1met,mm,2,0.020,100,5000,100,0.0
e0m2j0b0Z1_1met,mZ,2,0.020,131,5000,131,0.0
e0m2j0b0Z1_1met,mZ,2,0.020,131,5000,131,0.0
e0m2j0b0Z1_1met,mmZ,2,0.020,171,4000,171,0.0
e0m2j0b1Z0_0met,mm,2,0.020,100,5000,843,213.2
e0m2j0b1Z0_0met,mb,2,0.072,100,5000,1044,65.1
e0m2j0b1Z0_0met,mb,2,0.072,100,5000,1044,65.1
e0m2j0b1Z0_0met,mmb,2,0.060,150,4000,1013,63.7
e0m2j0b1Z0_1met,mm,2,0.020,100,5000,320,116.4
e0m2j0b1Z0_1met,mb,2,0.072,100,5000,100,0.0
e0m2j0b1Z0_1met,mb,2,0.072,100,5000,100,0.0
e0m2j0b1Z0_1met,mmb,2,0.060,150,4000,150,0.0
e0m2j0b1Z1_0met,mm,2,0.020,100,5000,100,0.0
e0m2j0b1Z1_0met,mb,2,0.072,100,5000,100,0.0
e0m2j0b1Z1_0met,mZ,2,0.020,131,5000,131,0.0
e0m2j0b1Z1_0met,mb,2,0.072,100,5000,100,0.0
e0m2j0b1Z1_0met,mZ,2,0.020,131,5000,131,0.0
e0m2j0b1Z1_0met,bZ,2,0.072,131,5000,131,0.0
e0m2j0b1Z1_0met,mmb,2,0.060,150,4000,150,0.0
e0m2j0b1Z1_0met,mmZ,2,0.020,171,4000,171,0.0
e0m2j0b1Z1_0met,mbZ,2,0.060,171,4000,171,0.0
e0m2j0b1Z1_0met,mbZ,2,0.060,171,4000,171,0.0
e0m2j0b1Z1_0met,mmbZ,2,0.053,211,3000,211,0.0
e0m2j0b1Z1_1met,mm,2,0.020,100,5000,100,0.0
e0m2j0b1Z1_1met,mb,2,0.072,100,5000,100,0.0
e0m2j0b1Z1_1met,mZ,2,0.020,131,5000,131,0.0
e0m2j0b1Z1_1met,mb,2,0.072,100,5000,100,0.0
e0m2j0b1Z1_1met,mZ,2,0.020,131,5000,131,0.0
e0m2j0b1Z1_1met,bZ,2,0.072,131,5000,131,0.0
e0m2j0b1Z1_1met,mmb,2,0.060,150,4000,150,0.0
e0m2j0b1Z1_1met,mmZ,2,0.020,171,4000,171,0.0
e0m2j0b1Z1_1met,mbZ,2,0.060,171,4000,171,0.0
e0m2j0b1Z1_1met,mbZ,2,0.060,171,4000,171,0.0
e0m2j0b1Z1_1met,mmbZ,2,0.053,211,3000,211,0.0
e0m2j0b2Z0_0met,mm,2,0.020,100,5000,575,174.9
e0m2j0b2Z0_0met,mb,2,0.072,100,5000,712,54.4
e0m2j0b2Z0_0met,mb,2,0.072,100,5000,712,54.4
e0m2j0b2Z0_0met,mb,2,0.072,100,5000,712,54.4
e0m2j0b2Z0_0met,mb,2,0.072,100,5000,712,54.4
e0m2j0b2Z0_0met,bb,2,0.100,100,5000,100,0.0
e0m2j0b2Z0_0met,mmb,2,0.060,150,4000,690,50.9
e0m2j0b2Z0_0met,mmb,2,0.060,150,4000,690,50.9
e0m2j0b2Z0_0met,mbb,2,0.082,150,4000,150,0.0
e0m2j0b2Z0_0met,mbb,2,0.082,150,4000,150,0.0
e0m2j0b2Z0_0met,mmbb,2,0.072,200,3000,200,0.0
e0m2j0b2Z0_1met,mm,2,0.020,100,5000,218,78.0
e0m2j0b2Z0_1met,mb,2,0.072,100,5000,100,0.0
e0m2j0b2Z0_1met,mb,2,0.072,100,5000,100,0.0
e0m2j0b2Z0_1met,mb,2,0.072,100,5000,100,0.0
e0m2j0b2Z0_1met,mb,2,0.072,100,5000,100,0.0
e0m2j0b2Z0_1met,bb,2,0.100,100,5000,100,0.0
e0m2j0b2Z0_1met,mmb,2,0.060,150,4000,150,0.0
e0m2j0b2Z0_1met,mmb,2,0.060,150,4000,150,0.0
e0m2j0b2Z0_1met,mbb,2,0.082,150,4000,150,0.0
e0m2j0b2Z0_1met,mbb,2,0.082,150,4000,150,0.0
e0m2j0b2Z0_1met,mmbb,2,0.072,200,3000,200,0.0
e0m2j1b0Z0_0met,mm,2,0.020,100,5000,1238,251.6
e0m2j1b0Z0_0met,mj,2,0.038,100,5000,1378,137.8
e0m2j1b0Z0_0met,mj,2,0.038,100,5000,1378,137.8
e0m2j1b0Z0_0met,mmj,2,0.033,150,4000,1347,132.4
e0m2j1b0Z0_1met,mm,2,0.020,100,5000,470,154.8
e0m2j1b0Z0_1met,mj,2,0.038,100,5000,523,86.9
e0m2j1b0Z0_1met,mj,2,0.038,100,5000,523,86.9
e0m2j1b0Z0_1met,mmj,2,0.033,150,4000,512,74.0
e0m2j1b0Z1_0met,mm,2,0.020,100,5000,182,59.7
e0m2j1b0Z1_0met,mj,2,0.038,100,5000,100,0.0
e0m2j1b0Z1_0met,mZ,2,0.020,131,5000,131,0.0
e0m2j1b0Z1_0met,mj,2,0.038,100,5000,100,0.0
e0m2j1b0Z1_0met,mZ,2,0.020,131,5000,131,0.0
e0m2j1b0Z1_0met,jZ,2,0.038,131,5000,131,0.0
e0m2j1b0Z1_0met,mmj,2,0.033,150,4000,150,0.0
e0m2j1b0Z1_0met,mmZ,2,0.020,171,4000,171,0.0
e0m2j1b0Z1_0met,mjZ,2,0.033,171,4000,171,0.0
e0m2j1b0Z1_0met,mjZ,2,0.033,171,4000,171,0.0
e0m2j1b0Z1_0met,mmjZ,2,0.030,211,3000,211,0.0
e0m2j1b0Z1_1met,mm,2,0.020,100,5000,100,0.0
e0m2j1b0Z1_1met,mj,2,0.038,100,5000,100,0.0
e0m2j1b0Z1_1met,mZ,2,0.020,131,5000,131,0.0
e0m2j1b0Z1_1met,mj,2,0.038,100,5000,100,0.0
e0m2j1b0Z1_1met,mZ,2,0.020,131,5000,131,0.0
e0m2j1b0Z1_1met,jZ,2,0.038,131,5000,131,0.0
e0m2j1b0Z1_1met,mmj,2,0.033,150,4000,150,0.0
e0m2j1b0Z1_1met,mmZ,2,0.020,171,4000,171,0.0
e0m2j1b0Z1_1met,mjZ,2,0.033,171,4000,171,0.0
e0m2j1b0Z1_1met,mjZ,2,0.033,171,4000,171,0.0
e0m2j1b0Z1_1met,mmjZ,2,0.030,211,3000,211,0.0
e0m2j1b1Z0_0met,mm,2,0.020,100,5000,843,213.2
e0m2j1b1Z0_0met,mj,2,0.038,100,5000,939,117.6
e0m2j1b1Z0_0met,mb,2,0.072,100,5000,1044,65.1
e0m2j1b1Z0_0met,mj,2,0.038,100,5000,939,117.6
e0m2j1b1Z0_0met,mb,2,0.072,100,5000,1044,65.1
e0m2j1b1Z0_0met,jb,2,0.079,100,5000,1061,59.7
e0m2j1b1Z0_0met,mmj,2,0.033,150,4000,918,109.2
e0m2j1b1Z0_0met,mmb,2,0.060,150,4000,1013,63.7
e0m2j1b1Z0_0met,mjb,2,0.066,150,4000,1028,58.7
e0m2j1b1Z0_0met,mjb,2,0.066,150,4000,1028,58.7
e0m2j1b1Z0_0met,mmjb,2,0.058,200,3000,1006,56.0
e0m2j1b1Z0_1met,mm,2,0.020,100,5000,320,116.4
e0m2j1b1Z0_1met,mj,2,0.038,100,5000,357,66.8
e0m2j1b1Z0_1met,mb,2,0.072,100,5000,100,0.0
e0m2j1b1Z0_1met,mj,2,0.038,100,5000,357,66.8
e0m2j1b1Z0_1met,mb,2,0.072,100,5000,100,0.0
e0m2j1b1Z0_1met,jb,2,0.079,100,5000,100,0.0
e0m2j1b1Z0_1met,mmj,2,0.033,150,4000,348,50.8
e0m2j1b1Z0_1met,mmb,2,0.060,150,4000,150,0.0
e0m2j1b1Z0_1met,mjb,2,0.066,150,4000,150,0.0
e0m2j1b1Z0_1met,mjb,2,0.066,150,4000,150,0.0
e0m2j1b1Z0_1met,mmjb,2,0.058,200,3000,200,0.0
e0m2j2b0Z0_0met,mm,2,0.020,100,5000,1238,251.6
e0m2j2b0Z0_0met,mj,2,0.038,100,5000,1378,137.8
e0m2j2b0Z0_0met,mj,2,0.038,100,5000,1378,137.8
e0m2j2b0Z0_0met,mj,2,0.038,100,5000,1378,137.8
e0m2j2b0Z0_0met,mj,2,0.038,100,5000,1378,137.8
e0m2j2b0Z0_0met,jj,2,0.050,100,5000,1442,106.8
e0m2j2b0Z0_0met,mmj,2,0.033,150,4000,1347,132.4
e0m2j2b0Z0_0met,mmj,2,0.033,150,4000,1347,132.4
e0m2j2b0Z0_0met,mjj,2,0.042,150,4000,1403,105.4
e0m2j2b0Z0_0met,mjj,2,0.042,150,4000,1403,105.4
e0m2j2b0Z0_0met,mmjj,2,0.038,200,3000,1378,101.4
e0m2j2b0Z0_1met,mm,2,0.020,100,5000,470,154.8
e0m2j2b0Z0_1met,mj,2,0.038,100,5000,523,86.9
e0m2j2b0Z0_1met,mj,2,0.038,100,5000,523,86.9
e0m2j2b0Z0_1met,mj,2,0.038,100,5000,523,86.9
e0m2j2b0Z0_1met,mj,2,0.038,100,5000,523,86.9
e0m2j2b0Z0_1met,jj,2,0.050,100,5000,548,68.0
e0m2j2b0Z0_1met,mmj,2,0.033,150,4000,512,74.0
e0m2j2b0Z0_1met,mmj,2,0.033,150,4000,512,74.0
e0m2j2b0Z0_1met,mjj,2,0.042,150,4000,533,59.8
e0m2j2b0Z0_1met,mjj,2,0.042,150,4000,533,59.8
e0m2j2b0Z0_1met,mmjj,2,0.038,200,3000,523,50.5
e1m0j0b0Z1_0met,eZ,1,0.020,131,5000,478,64.7
e1m0j0b0Z1_1met,eZ,1,0.020,131,5000,131,0.0
e1m0j0b1Z0_0met,eb,1,0.072,100,5000,2750,46.0
e1m0j0b1Z0_1met,eb,1,0.072,100,5000,1044,32.5
e1m0j0b1Z1_0met,eb,1,0.072,100,5000,100,0.0
e1m0j0b1Z1_0met,eZ,1,0.020,131,5000,326,45.5
e1m0j0b1Z1_0met,bZ,1,0.072,131,5000,131,0.0
e1m0j0b1Z1_0met,ebZ,1,0.060,171,4000,171,0.0
e1m0j0b1Z1_1met,eb,1,0.072,100,5000,100,0.0
e1m0j0b1Z1_1met,eZ,1,0.020,131,5000,131,0.0
e1m0j0b1Z1_1met,bZ,1,0.072,131,5000,131,0.0
e1m0j0b1Z1_1met,ebZ,1,0.060,171,4000,171,0.0
e1m0j0b2Z0_0met,eb,1,0.072,100,5000,1874,40.6
e1m0j0b2Z0_0met,eb,1,0.072,100,5000,1874,40.6
e1m0j0b2Z0_0met,bb,1,0.100,100,5000,1979,29.8
e1m0j0b2Z0_0met,ebb,1,0.082,150,4000,1916,30.9
e1m0j0b2Z0_1met,eb,1,0.072,100,5000,712,27.2
e1m0j0b2Z0_1met,eb,1,0.072,100,5000,712,27.2
e1m0j0b2Z0_1met,bb,1,0.100,100,5000,100,0.0
e1m0j0b2Z0_1met,ebb,1,0.082,150,4000,150,0.0
e1m0j0b2Z1_0met,eb,1,0.072,100,5000,100,0.0
e1m0j0b2Z1_0met,eb,1,0.072,100,5000,100,0.0
e1m0j0b2Z1_0met,eZ,1,0.020,131,5000,222,26.3
e1m0j0b2Z1_0met,bb,1,0.100,100,5000,100,0.0
e1m0j0b2Z1_0met,bZ,1,0.072,131,5000,131,0.0
e1m0j0b2Z1_0met,bZ,1,0.072,131,5000,131,0.0
e1m0j0b2Z1_0met,ebb,1,0.082,150,4000,150,0.0
e1m0j0b2Z1_0met,ebZ,1,0.060,171,4000,171,0.0
e1m0j0b2Z1_0met,ebZ,1,0.060,171,4000,171,0.0
e1m0j0b2Z1_0met,bbZ,1,0.082,171,4000,171,0.0
e1m0j0b2Z1_0met,ebbZ,1,0.072,211,3000,211,0.0
e1m0j0b2Z1_1met,eb,1,0.072,100,5000,100,0.0
e1m0j0b2Z1_1met,eb,1,0.072,100,5000,100,0.0
e1m0j0b2Z1_1met,eZ,1,0.020,131,5000,131,0.0
e1m0j0b2Z1_1met,bb,1,0.100,100,5000,100,0.0
e1m0j0b2Z1_1met,bZ,1,0.072,131,5000,131,0.0
e1m0j0b2Z1_1met,bZ,1,0.072,131,5000,131,0.0
e1m0j0b2Z1_1met,ebb,1,0.082,150,4000,150,0.0
e1m0j0b2Z1_1met,ebZ,1,0.060,171,4000,171,0.0
e1m0j0b2Z1_1met,ebZ,1,0.060,171,4000,171,0.0
e1m0j0b2Z1_1met,bbZ,1,0.082,171,4000,171,0.0
e1m0j0b2Z1_1met,ebbZ,1,0.072,211,3000,211,0.0
e1m0j0b3Z0_0met,eb,1,0.072,100,5000,1277,35.3
e1m0j0b3Z0_0met,eb,1,0.072,100,5000,1277,35.3
e1m0j0b3Z0_0met,eb,1,0.072,100,5000,1277,35.3
e1m0j0b3Z0_0met,bb,1,0.100,100,5000,1348,26.0
e1m0j0b3Z0_0met,bb,1,0.100,100,5000,1348,26.0
e1m0j0b3Z0_0met,bb,1,0.100,100,5000,1348,26.0
e1m0j0b3Z0_0met,ebb,1,0.082,150,4000,1305,26.2
e1m0j0b3Z0_0met,ebb,1,0.082,150,4000,1305,26.2
e1m0j0b3Z0_0met,ebb,1,0.082,150,4000,1305,26.2
e1m0j0b3Z0_0met,bbb,1,0.100,150,4000,150,0.0
e1m0j0b3Z0_0met,ebbb,1,0.087,200,3000,200,0.0
e1m0j0b3Z0_1met,eb,1,0.072,100,5000,100,0.0
e1m0j0b3Z0_1met,eb,1,0.072,100,5000,100,0.0
e1m0j0b3Z0_1met,eb,1,0.072,100,5000,100,0.0
e1m0j0b3Z0_1met,bb,1,0.100,100,5000,100,0.0
e1m0j0b3Z0_1met,bb,1,0.100,100,5000,100,0.0
e1m0j0b3Z0_1met,bb,1,0.100,100,5000,100,0.0
e1m0j0b3Z0_1met,ebb,1,0.082,150,4000,150,0.0
e1m0j0b3Z0_1met,ebb,1,0.082,150,4000,150,0.0
e1m0j0b3Z0_1met,ebb,1,0.082,150,4000,150,0.0
e1m0j0b3Z0_1met,bbb,1,0.100,150,4000,150,0.0
e1m0j0b3Z0_1met,ebbb,1,0.087,200,3000,200,0.0
e1m0j1b0Z0_0met,ej,1,0.038,100,5000,3629,94.3
e1m0j1b0Z0_1met,ej,1,0.038,100,5000,1378,68.9
e1m0j1b0Z1_0met,ej,1,0.038,100,5000,533,43.9
e1m0j1b0Z1_0met,eZ,1,0.020,131,5000,478,64.7
e1m0j1b0Z1_0met,jZ,1,0.038,131,5000,533,36.8
e1m0j1b0Z1_0met,ejZ,1,0.033,171,4000,521,33.5
e1m0j1b0Z1_1met,ej,1,0.038,100,5000,100,0.0
e1m0j1b0Z1_1met,eZ,1,0.020,131,5000,131,0.0
e1m0j1b0Z1_1met,jZ,1,0.038,131,5000,131,0.0
e1m0j1b0Z1_1met,ejZ,1,0.033,171,4000,171,0.0
e1m0j1b1Z0_0met,ej,1,0.038,100,5000,2473,84.2
e1m0j1b1Z0_0met,eb,1,0.072,100,5000,2750,46.0
e1m0j1b1Z0_0met,jb,1,0.079,100,5000,2793,42.1
e1m0j1b1Z0_0met,ejb,1,0.066,150,4000,2707,44.1
e1m0j1b1Z0_1met,ej,1,0.038,100,5000,939,58.8
e1m0j1b1Z0_1met,eb,1,0.072,100,5000,1044,32.5
e1m0j1b1Z0_1met,jb,1,0.079,100,5000,1061,29.9
e1m0j1b1Z0_1met,ejb,1,0.066,150,4000,1028,29.4
e1m0j1b1Z1_0met,ej,1,0.038,100,5000,363,33.9
e1m0j1b1Z1_0met,eb,1,0.072,100,5000,100,0.0
e1m0j1b1Z1_0met,eZ,1,0.020,131,5000,326,45.5
e1m0j1b1Z1_0met,jb,1,0.079,100,5000,100,0.0
e1m0j1b1Z1_0met,jZ,1,0.038,131,5000,363,26.7
e1m0j1b1Z1_0met,bZ,1,0.072,131,5000,131,0.0
e1m0j1b1Z1_0met,ejb,1,0.066,150,4000,150,0.0
e1m0j1b1Z1_0met,ejZ,1,0.033,171,4000,171,0.0
e1m0j1b1Z1_0met,ebZ,1,0.060,171,4000,171,0.0
e1m0j1b1Z1_0met,jbZ,1,0.066,171,4000,171,0.0
e1m0j1b1Z1_0met,ejbZ,1,0.058,211,3000,211,0.0
e1m0j1b1Z1_1met,ej,1,0.038,100,5000,100,0.0
e1m0j1b1Z1_1met,eb,1,0.072,100,5000,100,0.0
e1m0j1b1Z1_1met,eZ,1,0.020,131,5000,131,0.0
e1m0j1b1Z1_1met,jb,1,0.079,100,5000,100,0.0
e1m0j1b1Z1_1met,jZ,1,0.038,131,5000,131,0.0
e1m0j1b1Z1_1met,bZ,1,0.072,131,5000,131,0.0
e1m0j1b1Z1_1met,ejb,1,0.066,150,4000,150,0.0
e1m0j1b1Z1_1met,ejZ,1,0.033,171,4000,171,0.0
e1m0j1b1Z1_1met,ebZ,1,0.060,171,4000,171,0.0
e1m0j1b1Z1_1met,jbZ,1,0.066,171,4000,171,0.0
e1m0j1b1Z1_1met,ejbZ,1,0.058,211,3000,211,0.0
e1m0j1b2Z0_0met,ej,1,0.038,100,5000,1685,74.2
e1m0j1b2Z0_0met,eb,1,0.072,100,5000,1874,40.6
e1m0j1b2Z0_0met,eb,1,0.072,100,5000,1874,40.6
e1m0j1b2Z0_0met,jb,1,0.079,100,5000,1903,37.3
e1m0j1b2Z0_0met,jb,1,0.079,100,5000,1903,37.3
e1m0j1b2Z0_0met,bb,1,0.100,100,5000,1979,29.8
e1m0j1b2Z0_0met,ejb,1,0.066,150,4000,1844,38.3
e1m0j1b2Z0_0met,ejb,1,0.066,150,4000,1844,38.3
e1m0j1b2Z0_0met,ebb,1,0.082,150,4000,1916,30.9
e1m0j1b2Z0_0met,jbb,1,0.087,150,4000,1932,29.5
e1m0j1b2Z0_0met,ejbb,1,0.076,200,3000,1889,29.7
e1m0j1b2Z0_1met,ej,1,0.038,100,5000,640,48.7
e1m0j1b2Z0_1met,eb,1,0.072,100,5000,712,27.2
e1m0j1b2Z0_1met,eb,1,0.072,100,5000,712,27.2
e1m0j1b2Z0_1met,jb,1,0.079,100,5000,723,25.0
e1m0j1b2Z0_1met,jb,1,0.079,100,5000,723,25.0
e1m0j1b2Z0_1met,bb,1,0.100,100,5000,100,0.0
e1m0j1b2Z0_1met,ejb,1,0.066,150,4000,150,0.0
e1m0j1b2Z0_1met,ejb,1,0.066,150,4000,150,0.0
e1m0j1b2Z0_1met,ebb,1,0.082,150,4000,150,0.0
e1m0j1b2Z0_1met,jbb,1,0.087,150,4000,150,0.0
e1m0j1b2Z0_1met,ejbb,1,0.076,200,3000,200,0.0
e1m0j2b0Z0_0met,ej,1,0.038,100,5000,3629,94.3
e1m0j2b0Z0_0met,ej,1,0.038,100,5000,3629,94.3
e1m0j2b0Z0_0met,jj,1,0.050,100,5000,3798,72.7
e1m0j2b0Z0_0met,ejj,1,0.042,150,4000,3695,75.5
e1m0j2b0Z0_1met,ej,1,0.038,100,5000,1378,68.9
e1m0j2b0Z0_1met,ej,1,0.038,100,5000,1378,68.9
e1m0j2b0Z0_1met,jj,1,0.050,100,5000,1442,53.4
e1m0j2b0Z0_1met,ejj,1,0.042,150,4000,1403,52.7
e1m0j2b0Z1_0met,ej,1,0.038,100,5000,533,43.9
e1m0j2b0Z1_0met,ej,1,0.038,100,5000,533,43.9
e1m0j2b0Z1_0met,eZ,1,0.020,131,5000,478,64.7
e1m0j2b0Z1_0met,jj,1,0.050,100,5000,557,34.4
e1m0j2b0Z1_0met,jZ,1,0.038,131,5000,533,36.8
e1m0j2b0Z1_0met,jZ,1,0.038,131,5000,533,36.8
e1m0j2b0Z1_0met,ejj,1,0.042,150,4000,542,30.3
e1m0j2b0Z1_0met,ejZ,1,0.033,171,4000,521,33.5
e1m0j2b0Z1_0met,ejZ,1,0.033,171,4000,521,33.5
e1m0j2b0Z1_0met,jjZ,1,0.042,171,4000,542,27.2
e1m0j2b0Z1_0met,ejjZ,1,0.038,211,3000,211,0.0
e1m0j2b0Z1_1met,ej,1,0.038,100,5000,100,0.0
e1m0j2b0Z1_1met,ej,1,0.038,100,5000,100,0.0
e1m0j2b0Z1_1met,eZ,1,0.020,131,5000,131,0.0
e1m0j2b0Z1_1met,jj,1,0.050,100,5000,100,0.0
e1m0j2b0Z1_1met,jZ,1,0.038,131,5000,131,0.0
e1m0j2b0Z1_1met,jZ,1,0.038,131,5000,131,0.0
e1m0j2b0Z1_1met,ejj,1,0.042,150,4000,150,0.0
e1m0j2b0Z1_1met,ejZ,1,0.033,171,4000,171,0.0
e1m0j2b0Z1_1met,ejZ,1,0.033,171,4000,171,0.0
e1m0j2b0Z1_1met,jjZ,1,0.042,171,4000,171,0.0
e1m0j2b0Z1_1met,ejjZ,1,0.038,211,3000,211,0.0
e1m0j2b1Z0_0met,ej,1,0.038,100,5000,2473,84.2
e1m0j2b1Z0_0met,ej,1,0.038,100,5000,2473,84.2
e1m0j2b1Z0_0met,eb,1,0.072,100,5000,2750,46.0
e1m0j2b1Z0_0met,jj,1,0.050,100,5000,2587,65.1
e1m0j2b1Z0_0met,jb,1,0.079,100,5000,2793,42.1
e1m0j2b1Z0_0met,jb,1,0.079,100,5000,2793,42.1
e1m0j2b1Z0_0met,ejj,1,0.042,150,4000,2517,66.5
e1m0j2b1Z0_0met,ejb,1,0.066,150,4000,2707,44.1
e1m0j2b1Z0_0met,ejb,1,0.066,150,4000,2707,44.1
e1m0j2b1Z0_0met,jjb,1,0.071,150,4000,2741,41.1
e1m0j2b1Z0_0met,ejjb,1,0.062,200,3000,2682,41.8
e1m0j2b1Z0_1met,ej,1,0.038,100,5000,939,58.8
e1m0j2b1Z0_1met,ej,1,0.038,100,5000,939,58.8
e1m0j2b1Z0_1met,eb,1,0.072,100,5000,1044,32.5
e1m0j2b1Z0_1met,jj,1,0.050,100,5000,983,45.7
e1m0j2b1Z0_1met,jb,1,0.079,100,5000,1061,29.9
e1m0j2b1Z0_1met,jb,1,0.079,100,5000,1061,29.9
e1m0j2b1Z0_1met,ejj,1,0.042,150,4000,956,43.7
e1m0j2b1Z0_1met,ejb,1,0.066,150,4000,1028,29.4
e1m0j2b1Z0_1met,ejb,1,0.066,150,4000,1028,29.4
e1m0j2b1Z0_1met,jjb,1,0.071,150,4000,1041,27.4
e1m0j2b1Z0_1met,ejjb,1,0.062,200,3000,1019,26.2
e1m0j3b0Z0_0met,ej,1,0.038,100,5000,3629,94.3
e1m0j3b0Z0_0met,ej,1,0.038,100,5000,3629,94.3
e1m0j3b0Z0_0met,ej,1,0.038,100,5000,3629,94.3
e1m0j3b0Z0_0met,jj,1,0.050,100,5000,3798,72.7
e1m0j3b0Z0_0met,jj,1,0.050,100,5000,3798,72.7
e1m0j3b0Z0_0met,jj,1,0.050,100,5000,3798,72.7
e1m0j3b0Z0_0met,ejj,1,0.042,150,4000,3695,75.5
e1m0j3b0Z0_0met,ejj,1,0.042,150,4000,3695,75.5
e1m0j3b0Z0_0met,ejj,1,0.042,150,4000,3695,75.5
e1m0j3b0Z0_0met,jjj,1,0.050,150,4000,3798,64.6
e1m0j3b0Z0_0met,ejjj,1,0.044,200,3000,3000,60.9
e1m0j3b0Z0_1met,ej,1,0.038,100,5000,1378,68.9
e1m0j3b0Z0_1met,ej,1,0.038,100,5000,1378,68.9
e1m0j3b0Z0_1met,ej,1,0.038,100,5000,1378,68.9
e1m0j3b0Z0_1met,jj,1,0.050,100,5000,1442,53.4
e1m0j3b0Z0_1met,jj,1,0.050,100,5000,1442,53.4
e1m0j3b0Z0_1met,jj,1,0.050,100,5000,1442,53.4
e1m0j3b0Z0_1met,ejj,1,0.042,150,4000,1403,52.7
e1m0j3b0Z0_1met,ejj,1,0.042,150,4000,1403,52.7
e1m0j3b0Z0_1met,ejj,1,0.042,150,4000,1403,52.7
e1m0j3b0Z0_1met,jjj,1,0.050,150,4000,1442,45.3
e1m0j3b0Z0_1met,ejjj,1,0.044,200,3000,1414,44.0
e1m1j0b0Z0_0met,em,2,0.020,100,5000,1238,251.6
e1m1j0b0Z0_1met,em,2,0.020,100,5000,470,154.8
e1m1j0b0Z1_0met,em,2,0.020,100,5000,182,59.7
e1m1j0b0Z1_0met,eZ,2,0.020,131,5000,131,0.0
e1m1j0b0Z1_0met,mZ,2,0.020,131,5000,131,0.0
e1m1j0b0Z1_0met,emZ,2,0.020,171,4000,171,0.0
e1m1j0b0Z1_1met,em,2,0.020,100,5000,100,0.0
e1m1j0b0Z1_1met,eZ,2,0.020,131,5000,131,0.0
e1m1j0b0Z1_1met,mZ,2,0.020,131,5000,131,0.0
e1m1j0b0Z1_1met,emZ,2,0.020,171,4000,171,0.0
e1m1j0b1Z0_0met,em,2,0.020,100,5000,843,213.2
e1m1j0b1Z0_0met,eb,2,0.072,100,5000,1044,65.1
e1m1j0b1Z0_0met,mb,2,0.072,100,5000,1044,65.1
e1m1j0b1Z0_0met,emb,2,0.060,150,4000,1013,63.7
e1m1j0b1Z0_1met,em,2,0.020,100,5000,320,116.4
e1m1j0b1Z0_1met,eb,2,0.072,100,5000,100,0.0
e1m1j0b1Z0_1met,mb,2,0.072,100,5000,100,0.0
e1m1j0b1Z0_1met,emb,2,0.060,150,4000,150,0.0
e1m1j0b1Z1_0met,em,2,0.020,100,5000,100,0.0
e1m1j0b1Z1_0met,eb,2,0.072,100,5000,100,0.0
e1m1j0b1Z1_0met,eZ,2,0.020,131,5000,131,0.0
e1m1j0b1Z1_0met,mb,2,0.072,100,5000,100,0.0
e1m1j0b1Z1_0met,mZ,2,0.020,131,5000,131,0.0
e1m1j0b1Z1_0met,bZ,2,0.072,131,5000,131,0.0
e1m1j0b1Z1_0met,emb,2,0.060,150,4000,150,0.0
e1m1j0b1Z1_0met,emZ,2,0.020,171,4000,171,0.0
e1m1j0b1Z1_0met,ebZ,2,0.060,171,4000,171,0.0
e1m1j0b1Z1_0met,mbZ,2,0.060,171,4000,171,0.0
e1m1j0b1Z1_0met,embZ,2,0.053,211,3000,211,0.0
e1m1j0b1Z1_1met,em,2,0.020,100,5000,100,0.0
e1m1j0b1Z1_1met,eb,2,0.072,100,5000,100,0.0
e1m1j0b1Z1_1met,eZ,2,0.020,131,5000,131,0.0
e1m1j0b1Z1_1met,mb,2,0.072,100,5000,100,0.0
e1m1j0b1Z1_1met,mZ,2,0.020,131,5000,131,0.0
e1m1j0b1Z1_1met,bZ,2,0.072,131,5000,131,0.0
e1m1j0b1Z1_1met,emb,2,0.060,150,4000,150,0.0
e1m1j0b1Z1_1met,emZ,2,0.020,171,4000,171,0.0
e1m1j0b1Z1_1met,ebZ,2,0.060,171,4000,171,0.0
e1m1j0b1Z1_1met,mbZ,2,0.060,171,4000,171,0.0
e1m1j0b1Z1_1met,embZ,2,0.053,211,3000,211,0.0
e1m1j0b2Z0_0met,em,2,0.020,100,5000,575,174.9
e1m1j0b2Z0_0met,eb,2,0.072,100,5000,712,54.4
e1m1j0b2Z0_0met,eb,2,0.072,100,5000,712,54.4
e1m1j0b2Z0_0met,mb,2,0.072,100,5000,712,54.4
e1m1j0b2Z0_0met,mb,2,0.072,100,5000,712,54.4
e1m1j0b2Z0_0met,bb,2,0.100,100,5000,100,0.0
e1m1j0b2Z0_0met,emb,2,0.060,150,4000,690,50.9
e1m1j0b2Z0_0met,emb,2,0.060,150,4000,690,50.9
e1m1j0b2Z0_0met,ebb,2,0.082,150,4000,150,0.0
e1m1j0b2Z0_0met,mbb,2,0.082,150,4000,150,0.0
e1m1j0b2Z0_0met,embb,2,0.072,200,3000,200,0.0
e1m1j0b2Z0_1met,em,2,0.020,100,5000,218,78.0
e1m1j0b2Z0_1met,eb,2,0.072,100,5000,100,0.0
e1m1j0b2Z0_1met,eb,2,0.072,100,5000,100,0.0
e1m1j0b2Z0_1met,mb,2,0.072,100,5000,100,0.0
e1m1j0b2Z0_1met,mb,2,0.072,100,5000,100,0.0
e1m1j0b2Z0_1met,bb,2,0.100,100,5000,100,0.0
e1m1j0b2Z0_1met,emb,2,0.060,150,4000,150,0.0
e1m1j0b2Z0_1met,emb,2,0.060,150,4000,150,0.0
e1m1j0b2Z0_1met,ebb,2,0.082,150,4000,150,0.0
e1m1j0b2Z0_1met,mbb,2,0.082,150,4000,150,0.0
e1m1j0b2Z0_1met,embb,2,0.072,200,3000,200,0.0
e1m1j1b0Z0_0met,em,2,0.020,100,5000,1238,251.6
e1m1j1b0Z0_0met,ej,2,0.038,100,5000,1378,137.8
e1m1j1b0Z0_0met,mj,2,0.038,100,5000,1378,137.8
e1m1j1b0Z0_0met,emj,2,0.033,150,4000,1347,132.4
e1m1j1b0Z0_1met,em,2,0.020,100,5000,470,154.8
e1m1j1b0Z0_1met,ej,2,0.038,100,5000,523,86.9
e1m1j1b0Z0_1met,mj,2,0.038,100,5000,523,86.9
e1m1j1b0Z0_1met,emj,2,0.033,150,4000,512,74.0
e1m1j1b0Z1_0met,em,2,0.020,100,5000,182,59.7
e1m1j1b0Z1_0met,ej,2,0.038,100,5000,100,0.0
e1m1j1b0Z1_0met,eZ,2,0.020,131,5000,131,0.0
e1m1j1b0Z1_0met,mj,2,0.038,100,5000,100,0.0
e1m1j1b0Z1_0met,mZ,2,0.020,131,5000,131,0.0
e1m1j1b0Z1_0met,jZ,2,0.038,131,5000,131,0.0
e1m1j1b0Z1_0met,emj,2,0.033,150,4000,150,0.0
e1m1j1b0Z1_0met,emZ,2,0.020,171,4000,171,0.0
e1m1j1b0Z1_0met,ejZ,2,0.033,171,4000,171,0.0
e1m1j1b0Z1_0met,mjZ,2,0.033,171,4000,171,0.0
e1m1j1b0Z1_0met,emjZ,2,0.030,211,3000,211,0.0
e1m1j1b0Z1_1met,em,2,0.020,100,5000,100,0.0
e1m1j1b0Z1_1met,ej,2,0.038,100,5000,100,0.0
e1m1j1b0Z1_1met,eZ,2,0.020,131,5000,131,0.0
e1m1j1b0Z1_1met,mj,2,0.038,100,5000,100,0.0
e1m1j1b0Z1_1met,mZ,2,0.020,131,5000,131,0.0
e1m1j1b0Z1_1met,jZ,2,0.038,131,5000,131,0.0
e1m1j1b0Z1_1met,emj,2,0.033,150,4000,150,0.0
e1m1j1b0Z1_1met,emZ,2,0.020,171,4000,171,0.0
e1m1j1b0Z1_1met,ejZ,2,0.033,171,4000,171,0.0
e1m1j1b0Z1_1met,mjZ,2,0.033,171,4000,171,0.0
e1m1j1b0Z1_1met,emjZ,2,0.030,211,3000,211,0.0
e1m1j1b1Z0_0met,em,2,0.020,100,5000,843,213.2
e1m1j1b1Z0_0met,ej,2,0.038,100,5000,939,117.6
e1m1j1b1Z0_0met,eb,2,0.072,100,5000,1044,65.1
e1m1j1b1Z0_0met,mj,2,0.038,100,5000,939,117.6
e1m1j1b1Z0_0met,mb,2,0.072,100,5000,1044,65.1
e1m1j1b1Z0_0met,jb,2,0.079,100,5000,1061,59.7
e1m1j1b1Z0_0met,emj,2,0.033,150,4000,918,109.2
e1m1j1b1Z0_0met,emb,2,0.060,150,4000,1013,63.7
e1m1j1b1Z0_0met,ejb,2,0.066,150,4000,1028,58.7
e1m1j1b1Z0_0met,mjb,2,0.066,150,4000,1028,58.7
e1m1j1b1Z0_0met,emjb,2,0.058,200,3000,1006,56.0
e1m1j1b1Z0_1met,em,2,0.020,100,5000,320,116.4
e1m1j1b1Z0_1met,ej,2,0.038,100,5000,357,66.8
e1m1j1b1Z0_1met,eb,2,0.072,100,5000,100,0.0
e1m1j1b1Z0_1met,mj,2,0.038,100,5000,357,66.8
e1m1j1b1Z0_1met,mb,2,0.072,100,5000,100,0.0
e1m1j1b1Z0_1met,jb,2,0.079,100,5000,100,0.0
e1m1j1b1Z0_1met,emj,2,0.033,150,4000,348,50.8
e1m1j1b1Z0_1met,emb,2,0.060,150,4000,150,0.0
e1m1j1b1Z0_1met,ejb,2,0.066,150,4000,150,0.0
e1m1j1b1Z0_1met,mjb,2,0.066,150,4000,150,0.0
e1m1j1b1Z0_1met,emjb,2,0.058,200,3000,200,0.0
e1m1j2b0Z0_0met,em,2,0.020,100,5000,1238,251.6
e1m1j2b0Z0_0met,ej,2,0.038,100,5000,1378,137.8
e1m1j2b0Z0_0met,ej,2,0.038,100,5000,1378,137.8
e1m1j2b0Z0_0met,mj,2,0.038,100,5000,1378,137.8
e1m1j2b0Z0_0met,mj,2,0.038,100,5000,1378,137.8
e1m1j2b0Z0_0met,jj,2,0.050,100,5000,1442,106.8
e1m1j2b0Z0_0met,emj,2,0.033,150,4000,1347,132.4
e1m1j2b0Z0_0met,emj,2,0.033,150,4000,1347,132.4
e1m1j2b0Z0_0met,ejj,2,0.042,150,4000,1403,105.4
e1m1j2b0Z0_0met,mjj,2,0.042,150,4000,1403,105.4
e1m1j2b0Z0_0met,emjj,2,0.038,200,3000,1378,101.4
e1m1j2b0Z0_1met,em,2,0.020,100,5000,470,154.8
e1m1j2b0Z0_1met,ej,2,0.038,100,5000,523,86.9
e1m1j2b0Z0_1met,ej,2,0.038,100,5000,523,86.9
e1m1j2b0Z0_1met,mj,2,0.038,100,5000,523,86.9
e1m1j2b0Z0_1met,mj,2,0.038,100,5000,523,86.9
e1m1j2b0Z0_1met,jj,2,0.050,100,5000,548,68.0
e1m1j2b0Z0_1met,emj,2,0.033,150,4000,512,74.0
e1m1j2b0Z0_1met,emj,2,0.033,150,4000,512,74.0
e1m1j2b0Z0_1met,ejj,2,0.042,150,4000,533,59.8
e1m1j2b0Z0_1met,mjj,2,0.042,150,4000,533,59.8
e1m1j2b0Z0_1met,emjj,2,0.038,200,3000,523,50.5
e1m2j0b0Z0_0met,em,1,0.020,100,5000,470,77.4
e1m2j0b0Z0_0met,em,1,0.020,100,5000,470,77.4
e1m2j0b0Z0_0met,mm,1,0.020,100,5000,470,77.4
e1m2j0b0Z0_0met,emm,1,0.020,150,4000,470,57.1
e1m2j0b0Z0_1met,em,1,0.020,100,5000,179,29.0
e1m2j0b0Z0_1met,em,1,0.020,100,5000,179,29.0
e1m2j0b0Z0_1met,mm,1,0.020,100,5000,179,29.0
e1m2j0b0Z0_1met,emm,1,0.020,150,4000,150,0.0
e1m2j0b0Z1_0met,em,1,0.020,100,5000,100,0.0
e1m2j0b0Z1_0met,em,1,0.020,100,5000,100,0.0
e1m2j0b0Z1_0met,eZ,1,0.020,131,5000,131,0.0
e1m2j0b0Z1_0met,mm,1,0.020,100,5000,100,0.0
e1m2j0b0Z1_0met,mZ,1,0.020,131,5000,131,0.0
e1m2j0b0Z1_0met,mZ,1,0.020,131,5000,131,0.0
e1m2j0b0Z1_0met,emm,1,0.020,150,4000,150,0.0
e1m2j0b0Z1_0met,emZ,1,0.020,171,4000,171,0.0
e1m2j0b0Z1_0met,emZ,1,0.020,171,4000,171,0.0
e1m2j0b0Z1_0met,mmZ,1,0.020,171,4000,171,0.0
e1m2j0b0Z1_0met,emmZ,1,0.020,211,3000,211,0.0
e1m2j0b0Z1_1met,em,1,0.020,100,5000,100,0.0
e1m2j0b0Z1_1met,em,1,0.020,100,5000,100,0.0
e1m2j0b0Z1_1met,eZ,1,0.020,131,5000,131,0.0
e1m2j0b0Z1_1met,mm,1,0.020,100,5000,100,0.0
e1m2j0b0Z1_1met,mZ,1,0.020,131,5000,131,0.0
e1m2j0b0Z1_1met,mZ,1,0.020,131,5000,131,0.0
e1m2j0b0Z1_1met,emm,1,0.020,150,4000,150,0.0
e1m2j0b0Z1_1met,emZ,1,0.020,171,4000,171,0.0
e1m2j0b0Z1_1met,emZ,1,0.020,171,4000,171,0.0
e1m2j0b0Z1_1met,mmZ,1,0.020,171,4000,171,0.0
e1m2j0b0Z1_1met,emmZ,1,0.020,211,3000,211,0.0
e1m2j0b1Z0_0met,em,1,0.020,100,5000,320,58.2
e1m2j0b1Z0_0met,em,1,0.020,100,5000,320,58.2
e1m2j0b1Z0_0met,eb,1,0.072,100,5000,100,0.0
e1m2j0b1Z0_0met,mm,1,0.020,100,5000,320,58.2
e1m2j0b1Z0_0met,mb,1,0.072,100,5000,100,0.0
e1m2j0b1Z0_0met,mb,1,0.072,100,5000,100,0.0
e1m2j0b1Z0_0met,emm,1,0.020,150,4000,320,37.9
e1m2j0b1Z0_0met,emb,1,0.060,150,4000,150,0.0
e1m2j0b1Z0_0met,emb,1,0.060,150,4000,150,0.0
e1m2j0b1Z0_0met,mmb,1,0.060,150,4000,150,0.0
e1m2j0b1Z0_0met,emmb,1,0.053,200,3000,200,0.0
e1m2j0b1Z0_1met,em,1,0.020,100,5000,100,0.0
e1m2j0b1Z0_1met,em,1,0.020,100,5000,100,0.0
e1m2j0b1Z0_1met,eb,1,0.072,100,5000,100,0.0
e1m2j0b1Z0_1met,mm,1,0.020,100,5000,100,0.0
e1m2j0b1Z0_1met,mb,1,0.072,100,5000,100,0.0
e1m2j0b1Z0_1met,mb,1,0.072,100,5000,100,0.0
e1m2j0b1Z0_1met,emm,1,0.020,150,4000,150,0.0
e1m2j0b1Z0_1met,emb,1,0.060,150,4000,150,0.0
e1m2j0b1Z0_1met,emb,1,0.060,150,4000,150,0.0
e1m2j0b1Z0_1met,mmb,1,0.060,150,4000,150,0.0
e1m2j0b1Z0_1met,emmb,1,0.053,200,3000,200,0.0
e1m2j1b0Z0_0met,em,1,0.020,100,5000,470,77.4
e1m2j1b0Z0_0met,em,1,0.020,100,5000,470,77.4
e1m2j1b0Z0_0met,ej,1,0.038,100,5000,523,43.5
e1m2j1b0Z0_0met,mm,1,0.020,100,5000,470,77.4
e1m2j1b0Z0_0met,mj,1,0.038,100,5000,523,43.5
e1m2j1b0Z0_0met,mj,1,0.038,100,5000,523,43.5
e1m2j1b0Z0_0met,emm,1,0.020,150,4000,470,57.1
e1m2j1b0Z0_0met,emj,1,0.033,150,4000,512,37.0
e1m2j1b0Z0_0met,emj,1,0.033,150,4000,512,37.0
e1m2j1b0Z0_0met,mmj,1,0.033,150,4000,512,37.0
e1m2j1b0Z0_0met,emmj,1,0.030,200,3000,504,30.4
e1m2j1b0Z0_1met,em,1,0.020,100,5000,179,29.0
e1m2j1b0Z0_1met,em,1,0.020,100,5000,179,29.0
e1m2j1b0Z0_1met,ej,1,0.038,100,5000,100,0.0
e1m2j1b0Z0_1met,mm,1,0.020,100,5000,179,29.0
e1m2j1b0Z0_1met,mj,1,0.038,100,5000,100,0.0
e1m2j1b0Z0_1met,mj,1,0.038,100,5000,100,0.0
e1m2j1b0Z0_1met,emm,1,0.020,150,4000,150,0.0
e1m2j1b0Z0_1met,emj,1,0.033,150,4000,150,0.0
e1m2j1b0Z0_1met,emj,1,0.033,150,4000,150,0.0
e1m2j1b0Z0_1met,mmj,1,0.033,150,4000,150,0.0
e1m2j1b0Z0_1met,emmj,1,0.030,200,3000,200,0.0
e2m0j0b0Z0_0met,ee,2,0.020,100,5000,1238,251.6
e2m0j0b0Z0_1met,ee,2,0.020,100,5000,470,154.8
e2m0j0b0Z1_0met,ee,2,0.020,100,5000,182,59.7
e2m0j0b0Z1_0met,eZ,2,0.020,131,5000,131,0.0
e2m0j0b0Z1_0met,eZ,2,0.020,131,5000,131,0.0
e2m0j0b0Z1_0met,eeZ,2,0.020,171,4000,171,0.0
e2m0j0b0Z1_1met,ee,2,0.020,100,5000,100,0.0
e2m0j0b0Z1_1met,eZ,2,0.020,131,5000,131,0.0
e2m0j0b0Z1_1met,eZ,2,0.020,131,5000,131,0.0
e2m0j0b0Z1_1met,eeZ,2,0.020,171,4000,171,0.0
e2m0j0b1Z0_0met,ee,2,0.020,100,5000,843,213.2
e2m0j0b1Z0_0met,eb,2,0.072,100,5000,1044,65.1
e2m0j0b1Z0_0met,eb,2,0.072,100,5000,1044,65.1
e2m0j0b1Z0_0met,eeb,2,0.060,150,4000,1013,63.7
e2m0j0b1Z0_1met,ee,2,0.020,100,5000,320,116.4
e2m0j0b1Z0_1met,eb,2,0.072,100,5000,100,0.0
e2m0j0b1Z0_1met,eb,2,0.072,100,5000,100,0.0
e2m0j0b1Z0_1met,eeb,2,0.060,150,4000,150,0.0
e2m0j0b1Z1_0met,ee,2,0.020,100,5000,100,0.0
e2m0j0b1Z1_0met,eb,2,0.072,100,5000,100,0.0
e2m0j0b1Z1_0met,eZ,2,0.020,131,5000,131,0.0
e2m0j0b1Z1_0met,eb,2,0.072,100,5000,100,0.0
e2m0j0b1Z1_0met,eZ,2,0.020,131,5000,131,0.0
e2m0j0b1Z1_0met,bZ,2,0.072,131,5000,131,0.0
e2m0j0b1Z1_0met,eeb,2,0.060,150,4000,150,0.0
e2m0j0b1Z1_0met,eeZ,2,0.020,171,4000,171,0.0
e2m0j0b1Z1_0met,ebZ,2,0.060,171,4000,171,0.0
e2m0j0b1Z1_0met,ebZ,2,0.060,171,4000,171,0.0
e2m0j0b1Z1_0met,eebZ,2,0.053,211,3000,211,0.0
e2m0j0b1Z1_1met,ee,2,0.020,100,5000,100,0.0
e2m0j0b1Z1_1met,eb,2,0.072,100,5000,100,0.0
e2m0j0b1Z1_1met,eZ,2,0.020,131,5000,131,0.0
e2m0j0b1Z1_1met,eb,2,0.072,100,5000,100,0.0
e2m0j0b1Z1_1met,eZ,2,0.020,131,5000,131,0.0
e2m0j0b1Z1_1met,bZ,2,0.072,131,5000,131,0.0
e2m0j0b1Z1_1met,eeb,2,0.060,150,4000,150,0.0
e2m0j0b1Z1_1met,eeZ,2,0.020,171,4000,171,0.0
e2m0j0b1Z1_1met,ebZ,2,0.060,171,4000,171,0.0
e2m0j0b1Z1_1met,ebZ,2,0.060,171,4000,171,0.0
e2m0j0b1Z1_1met,eebZ,2,0.053,211,3000,211,0.0
e2m0j0b2Z0_0met,ee,2,0.020,100,5000,575,174.9
e2m0j0b2Z0_0met,eb,2,0.072,100,5000,712,54.4
e2m0j0b2Z0_0met,eb,2,0.072,100,5000,712,54.4
e2m0j0b2Z0_0met,eb,2,0.072,100,5000,712,54.4
e2m0j0b2Z0_0met,eb,2,0.072,100,5000,712,54.4
e2m0j0b2Z0_0met,bb,2,0.100,100,5000,100,0.0
e2m0j0b2Z0_0met,eeb,2,0.060,150,4000,690,50.9
e2m0j0b2Z0_0met,eeb,2,0.060,150,4000,690,50.9
e2m0j0b2Z0_0met,ebb,2,0.082,150,4000,150,0.0
e2m0j0b2Z0_0met,ebb,2,0.082,150,4000,150,0.0
e2m0j0b2Z0_0met,eebb,2,0.072,200,3000,200,0.0
e2m0j0b2Z0_1met,ee,2,0.020,100,5000,218,78.0
e2m0j0b2Z0_1met,eb,2,0.072,100,5000,100,0.0
e2m0j0b2Z0_1met,eb,2,0.072,100,5000,100,0.0
e2m0j0b2Z0_1met,eb,2,0.072,100,5000,100,0.0
e2m0j0b2Z0_1met,eb,2,0.072,100,5000,100,0.0
e2m0j0b2Z0_1met,bb,2,0.100,100,5000,100,0.0
e2m0j0b2Z0_1met,eeb,2,0.060,150,4000,150,0.0
e2m0j0b2Z0_1met,eeb,2,0.060,150,4000,150,0.0
e2m0j0b2Z0_1met,ebb,2,0.082,150,4000,150,0.0
e2m0j0b2Z0_1met,ebb,2,0.082,150,4000,150,0.0
e2m0j0b2Z0_1met,eebb,2,0.072,200,3000,200,0.0
e2m0j1b0Z0_0met,ee,2,0.020,100,5000,1238,251.6
e2m0j1b0Z0_0met,ej,2,0.038,100,5000,1378,137.8
e2m0j1b0Z0_0met,ej,2,0.038,100,5000,1378,137.8
e2m0j1b0Z0_0met,eej,2,0.033,150,4000,1347,132.4
e2m0j1b0Z0_1met,ee,2,0.020,100,5000,470,154.8
e2m0j1b0Z0_1met,ej,2,0.038,100,5000,523,86.9
e2m0j1b0Z0_1met,ej,2,0.038,100,5000,523,86.9
e2m0j1b0Z0_1met,eej,2,0.033,150,4000,512,74.0
e2m0j1b0Z1_0met,ee,2,0.020,100,5000,182,59.7
e2m0j1b0Z1_0met,ej,2,0.038,100,5000,100,0.0
e2m0j1b0Z1_0met,eZ,2,0.020,131,5000,131,0.0
e2m0j1b0Z1_0met,ej,2,0.038,100,5000,100,0.0
e2m0j1b0Z1_0met,eZ,2,0.020,131,5000,131,0.0
e2m0j1b0Z1_0met,jZ,2,0.038,131,5000,131,0.0
e2m0j1b0Z1_0met,eej,2,0.033,150,4000,150,0.0
e2m0j1b0Z1_0met,eeZ,2,0.020,171,4000,171,0.0
e2m0j1b0Z1_0met,ejZ,2,0.033,171,4000,171,0.0
e2m0j1b0Z1_0met,ejZ,2,0.033,171,4000,171,0.0
e2m0j1b0Z1_0met,eejZ,2,0.030,211,3000,211,0.0
e2m0j1b0Z1_1met,ee,2,0.020,100,5000,100,0.0
e2m0j1b0Z1_1met,ej,2,0.038,100,5000,100,0.0
e2m0j1b0Z1_1met,eZ,2,0.020,131,5000,131,0.0
e2m0j1b0Z1_1met,ej,2,0.038,100,5000,100,0.0
e2m0j1b0Z1_1met,eZ,2,0.020,131,5000,131,0.0
e2m0j1b0Z1_1met,jZ,2,0.038,131,5000,131,0.0
e2m0j1b0Z1_1met,eej,2,0.033,150,4000,150,0.0
e2m0j1b0Z1_1met,eeZ,2,0.020,171,4000,171,0.0
e2m0j1b0Z1_1met,ejZ,2,0.033,171,4000,171,0.0
e2m0j1b0Z1_1met,ejZ,2,0.033,171,4000,171,0.0
e2m0j1b0Z1_1met,eejZ,2,0.030,211,3000,211,0.0
e2m0j1b1Z0_0met,ee,2,0.020,100,5000,843,213.2
e2m0j1b1Z0_0met,ej,2,0.038,100,5000,939,117.6
e2m0j1b1Z0_0met,eb,2,0.072,100,5000,1044,65.1
e2m0j1b1Z0_0met,ej,2,0.038,100,5000,939,117.6
e2m0j1b1Z0_0met,eb,2,0.072,100,5000,1044,65.1
e2m0j1b1Z0_0met,jb,2,0.079,100,5000,1061,59.7
e2m0j1b1Z0_0met,eej,2,0.033,150,4000,918,109.2
e2m0j1b1Z0_0met,eeb,2,0.060,150,4000,1013,63.7
e2m0j1b1Z0_0met,ejb,2,0.066,150,4000,1028,58.7
e2m0j1b1Z0_0met,ejb,2,0.066,150,4000,1028,58.7
e2m0j1b1Z0_0met,eejb,2,0.058,200,3000,1006,56.0
e2m0j1b1Z0_1met,ee,2,0.020,100,5000,320,116.4
e2m0j1b1Z0_1met,ej,2,0.038,100,5000,357,66.8
e2m0j1b1Z0_1met,eb,2,0.072,100,5000,100,0.0
e2m0j1b1Z0_1met,ej,2,0.038,100,5000,357,66.8
e2m0j1b1Z0_1met,eb,2,0.072,100,5000,100,0.0
e2m0j1b1Z0_1met,jb,2,0.079,100,5000,100,0.0
e2m0j1b1Z0_1met,eej,2,0.033,150,4000,348,50.8
e2m0j1b1Z0_1met,eeb,2,0.060,150,4000,150,0.0
e2m0j1b1Z0_1met,ejb,2,0.066,150,4000,150,0.0
e2m0j1b1Z0_1met,ejb,2,0.066,150,4000,150,0.0
e2m0j1b1Z0_1met,eejb,2,0.058,200,3000,200,0.0
e2m0j2b0Z0_0met,ee,2,0.020,100,5000,1238,251.6
e2m0j2b0Z0_0met,ej,2,0.038,100,5000,1378,137.8
e2m0j2b0Z0_0met,ej,2,0.038,100,5000,1378,137.8
e2m0j2b0Z0_0met,ej,2,0.038,100,5000,1378,137.8
e2m0j2b0Z0_0met,ej,2,0.038,100,5000,1378,137.8
e2m0j2b0Z0_0met,jj,2,0.050,100,5000,1442,106.8
e2m0j2b0Z0_0met,eej,2,0.033,150,4000,1347,132.4
e2m0j2b0Z0_0met,eej,2,0.033,150,4000,1347,132.4
e2m0j2b0Z0_0met,ejj,2,0.042,150,4000,1403,105.4
e2m0j2b0Z0_0met,ejj,2,0.042,150,4000,1403,105.4
e2m0j2b0Z0_0met,eejj,2,0.038,200,3000,1378,101.4
e2m0j2b0Z0_1met,ee,2,0.020,100,5000,470,154.8
e2m0j2b0Z0_1met,ej,2,0.038,100,5000,523,86.9
e2m0j2b0Z0_1met,ej,2,0.038,100,5000,523,86.9
e2m0j2b0Z0_1met,ej,2,0.038,100,5000,523,86.9
e2m0j2b0Z0_1met,ej,2,0.038,100,5000,523,86.9
e2m0j2b0Z0_1met,jj,2,0.050,100,5000,548,68.0
e2m0j2b0Z0_1met,eej,2,0.033,150,4000,512,74.0
e2m0j2b0Z0_1met,eej,2,0.033,150,4000,512,74.0
e2m0j2b0Z0_1met,ejj,2,0.042,150,4000,533,59.8
e2m0j2b0Z0_1met,ejj,2,0.042,150,4000,533,59.8
e2m0j2b0Z0_1met,eejj,2,0.038,200,3000,523,50.5
e2m1j0b0Z0_0met,ee,1,0.020,100,5000,470,77.4
e2m1j0b0Z0_0met,em,1,0.020,100,5000,470,77.4
e2m1j0b0Z0_0met,em,1,0.020,100,5000,470,77.4
e2m1j0b0Z0_0met,eem,1,0.020,150,4000,470,57.1
e2m1j0b0Z0_1met,ee,1,0.020,100,5000,179,29.0
e2m1j0b0Z0_1met,em,1,0.020,100,5000,179,29.0
e2m1j0b0Z0_1met,em,1,0.020,100,5000,179,29.0
e2m1j0b0Z0_1met,eem,1,0.020,150,4000,150,0.0
e2m1j0b0Z1_0met,ee,1,0.020,100,5000,100,0.0
e2m1j0b0Z1_0met,em,1,0.020,100,5000,100,0.0
e2m1j0b0Z1_0met,eZ,1,0.020,131,5000,131,0.0
e2m1j0b0Z1_0met,em,1,0.020,100,5000,100,0.0
e2m1j0b0Z1_0met,eZ,1,0.020,131,5000,131,0.0
e2m1j0b0Z1_0met,mZ,1,0.020,131,5000,131,0.0
e2m1j0b0Z1_0met,eem,1,0.020,150,4000,150,0.0
e2m1j0b0Z1_0met,eeZ,1,0.020,171,4000,171,0.0
e2m1j0b0Z1_0met,emZ,1,0.020,171,4000,171,0.0
e2m1j0b0Z1_0met,emZ,1,0.020,171,4000,171,0.0
e2m1j0b0Z1_0met,eemZ,1,0.020,211,3000,211,0.0
e2m1j0b0Z1_1met,ee,1,0.020,100,5000,100,0.0
e2m1j0b0Z1_1met,em,1,0.020,100,5000,100,0.0
e2m1j0b0Z1_1met,eZ,1,0.020,131,5000,131,0.0
e2m1j0b0Z1_1met,em,1,0.020,100,5000,100,0.0
e2m1j0b0Z1_1met,eZ,1,0.020,131,5000,131,0.0
e2m1j0b0Z1_1met,mZ,1,0.020,131,5000,131,0.0
e2m1j0b0Z1_1met,eem,1,0.020,150,4000,150,0.0
e2m1j0b0Z1_1met,eeZ,1,0.020,171,4000,171,0.0
e2m1j0b0Z1_1met,emZ,1,0.020,171,4000,171,0.0
e2m1j0b0Z1_1met,emZ,1,0.020,171,4000,171,0.0
e2m1j0b0Z1_1met,eemZ,1,0.020,211,3000,211,0.0
e2m1j0b1Z0_0met,ee,1,0.020,100,5000,320,58.2
e2m1j0b1Z0_0met,em,1,0.020,100,5000,320,58.2
e2m1j0b1Z0_0met,eb,1,0.072,100,5000,100,0.0
e2m1j0b1Z0_0met,em,1,0.020,100,5000,320,58.2
e2m1j0b1Z0_0met,eb,1,0.072,100,5000,100,0.0
e2m1j0b1Z0_0met,mb,1,0.072,100,5000,100,0.0
e2m1j0b1Z0_0met,eem,1,0.020,150,4000,320,37.9
e2m1j0b1Z0_0met,eeb,1,0.060,150,4000,150,0.0
e2m1j0b1Z0_0met,emb,1,0.060,150,4000,150,0.0
e2m1j0b1Z0_0met,emb,1,0.060,150,4000,150,0.0
e2m1j0b1Z0_0met,eemb,1,0.053,200,3000,200,0.0
e2m1j0b1Z0_1met,ee,1,0.020,100,5000,100,0.0
e2m1j0b1Z0_1met,em,1,0.020,100,5000,100,0.0
e2m1j0b1Z0_1met,eb,1,0.072,100,5000,100,0.0
e2m1j0b1Z0_1met,em,1,0.020,100,5000,100,0.0
e2m1j0b1Z0_1met,eb,1,0.072,100,5000,100,0.0
e2m1j0b1Z0_1met,mb,1,0.072,100,5000,100,0.0
e2m1j0b1Z0_1met,eem,1,0.020,150,4000,150,0.0
e2m1j0b1Z0_1met,eeb,1,0.060,150,4000,150,0.0
e2m1j0b1Z0_1met,emb,1,0.060,150,4000,150,0.0
e2m1j0b1Z0_1met,emb,1,0.060,150,4000,150,0.0
e2m1j0b1Z0_1met,eemb,1,0.053,200,3000,200,0.0
e2m1j1b0Z0_0met,ee,1,0.020,100,5000,470,77.4
e2m1j1b0Z0_0met,em,1,0.020,100,5000,470,77.4
e2m1j1b0Z0_0met,ej,1,0.038,100,5000,523,43.5
e2m1j1b0Z0_0met,em,1,0.020,100,5000,470,77.4
e2m1j1b0Z0_0met,ej,1,0.038,100,5000,523,43.5
e2m1j1b0Z0_0met,mj,1,0.038,100,5000,523,43.5
e2m1j1b0Z0_0met,eem,1,0.020,150,4000,470,57.1
e2m1j1b0Z0_0met,eej,1,0.033,150,4000,512,37.0
e2m1j1b0Z0_0met,emj,1,0.033,150,4000,512,37.0
e2m1j1b0Z0_0met,emj,1,0.033,150,4000,512,37.0
e2m1j1b0Z0_0met,eemj,1,0.030,200,3000,504,30.4
e2m1j1b0Z0_1met,ee,1,0.020,100,5000,179,29.0
e2m1j1b0Z0_1met,em,1,0.020,100,5000,179,29.0
e2m1j1b0Z0_1met,ej,1,0.038,100,5000,100,0.0
e2m1j1b0Z0_1met,em,1,0.020,100,5000,179,29.0
e2m1j1b0Z0_1met,ej,1,0.038,100,5000,100,0.0
e2m1j1b0Z0_1met,mj,1,0.038,100,5000,100,0.0
e2m1j1b0Z0_1met,eem,1,0.020,150,4000,150,0.0
e2m1j1b0Z0_1met,eej,1,0.033,150,4000,150,0.0
e2m1j1b0Z0_1met,emj,1,0.033,150,4000,150,0.0
e2m1j1b0Z0_1met,emj,1,0.033,150,4000,150,0.0
e2m1j1b0Z0_1met,eemj,1,0.030,200,3000,200,0.0
e2m2j0b0Z0_0met,ee,1,0.020,100,5000,179,29.0
e2m2j0b0Z0_0met,em,1,0.020,100,5000,179,29.0
e2m2j0b0Z0_0met,em,1,0.020,100,5000,179,29.0
e2m2j0b0Z0_0met,em,1,0.020,100,5000,179,29.0
e2m2j0b0Z0_0met,em,1,0.020,100,5000,179,29.0
e2m2j0b0Z0_0met,mm,1,0.020,100,5000,179,29.0
e2m2j0b0Z0_0met,eem,1,0.020,150,4000,150,0.0
e2m2j0b0Z0_0met,eem,1,0.020,150,4000,150,0.0
e2m2j0b0Z0_0met,emm,1,0.020,150,4000,150,0.0
e2m2j0b0Z0_0met,emm,1,0.020,150,4000,150,0.0
e2m2j0b0Z0_0met,eemm,1,0.020,200,3000,200,0.0
e2m2j0b0Z0_1met,ee,1,0.020,100,5000,100,0.0
e2m2j0b0Z0_1met,em,1,0.020,100,5000,100,0.0
e2m2j0b0Z0_1met,em,1,0.020,100,5000,100,0.0
e2m2j0b0Z0_1met,em,1,0.020,100,5000,100,0.0
e2m2j0b0Z0_1met,em,1,0.020,100,5000,100,0.0
e2m2j0b0Z0_1met,mm,1,0.020,100,5000,100,0.0
e2m2j0b0Z0_1met,eem,1,0.020,150,4000,150,0.0
e2m2j0b0Z0_1met,eem,1,0.020,150,4000,150,0.0
e2m2j0b0Z0_1met,emm,1,0.020,150,4000,150,0.0
e2m2j0b0Z0_1met,emm,1,0.020,150,4000,150,0.0
e2m2j0b0Z0_1met,eemm,1,0.020,200,3000,200,0.0
