composition,K,tier,spectra_total,spectra_kept,looks_total,looks_kept
eg,2,motivated,254,142,77949,60456
gg,2,motivated,194,169,75893,70808
ee,2,motivated,254,102,66244,39381
Ze,2,motivated,254,77,52308,21417
Zg,2,rate,194,0,44667,0
ZZ,2,rate,194,0,32117,0
gm,2,motivated,254,142,27559,21374
em,2,motivated,254,102,26919,16003
ej,2,motivated,254,181,26919,26814
Zm,2,motivated,254,77,24283,9943
Ve,2,rate,254,0,21144,0
gj,2,motivated,194,182,21049,21049
jm,2,motivated,254,181,19873,19795
mm,2,motivated,254,102,19873,11814
Xe,2,motivated,507,211,19834,11814
Xm,2,motivated,507,211,18794,11195
Zj,2,rate,194,0,18547,0
Vm,2,rate,254,0,16743,0
Vg,2,motivated,194,148,16420,13373
Xg,2,rate,417,0,16364,0
Xj,2,rate,417,0,15458,0
jj,2,motivated,194,182,15179,15179
TX,2,motivated,507,202,15173,8619
XZ,2,rate,417,0,15115,0
He,2,rate,254,0,15055,0
VZ,2,rate,194,0,14363,0
VX,2,rate,417,0,14042,0
et,2,rate,254,0,13928,0
be,2,motivated,254,177,13897,13569
Xb,2,rate,417,0,13370,0
Hm,2,rate,254,0,12989,0
Vj,2,rate,194,0,12788,0
bm,2,motivated,254,177,12569,12272
HX,2,rate,417,0,12434,0
mt,2,rate,254,0,12016,0
Tg,2,rate,254,0,11670,0
Te,2,motivated,254,79,11620,5718
Hg,2,rate,194,0,11608,0
Xt,2,rate,417,0,11504,0
Tj,2,motivated,254,179,10810,10682
Tm,2,motivated,254,79,10810,5320
TZ,2,rate,254,0,10749,0
gt,2,rate,194,0,10739,0
VV,2,motivated,194,104,10706,5905
bg,2,rate,194,0,10680,0
HZ,2,rate,194,0,10450,0
Hj,2,rate,194,0,9921,0
Zb,2,rate,194,0,9794,0
Zt,2,motivated,194,69,9783,3480
TV,2,rate,254,0,9747,0
bj,2,motivated,194,182,9600,9600
jt,2,rate,194,0,9178,0
Tb,2,motivated,254,169,8996,8323
HV,2,motivated,194,62,8618,2754
Vb,2,motivated,194,177,8565,8344
HT,2,rate,254,0,8496,0
TT,2,motivated,254,74,8280,3782
Vt,2,motivated,194,82,8067,3410
Tt,2,rate,254,0,7860,0
bb,2,motivated,194,182,7589,7589
Hb,2,rate,194,0,7308,0
HH,2,motivated,194,23,7265,861
Ht,2,motivated,194,47,6839,1657
bt,2,motivated,194,169,6761,6308
tt,2,motivated,194,74,6477,2470
eeg,3,rate,46,0,11155,0
egg,3,rate,36,0,9931,0
ggg,3,rate,28,0,9194,0
Zee,3,rate,46,0,8612,0
Zeg,3,rate,36,0,7297,0
Zgg,3,rate,28,0,6239,0
eee,3,motivated,28,14,6129,3065
ZZe,3,rate,36,0,5628,0
Xeg,3,rate,127,0,5094,0
Xee,3,rate,127,0,5079,0
egm,3,rate,46,0,4922,0
XZe,3,rate,127,0,4853,0
Xgm,3,rate,127,0,4828,0
eej,3,rate,46,0,4817,0
Xem,3,rate,127,0,4815,0
Xej,3,rate,127,0,4815,0
ZZg,3,rate,28,0,4671,0
XZm,3,rate,127,0,4603,0
Xmm,3,rate,127,0,4589,0
Xjm,3,rate,127,0,4589,0
VXe,3,rate,127,0,4512,0
Zem,3,rate,46,0,4491,0
VXm,3,rate,127,0,4309,0
Xbe,3,rate,127,0,4170,0
HXe,3,rate,127,0,4022,0
Xbm,3,rate,127,0,4020,0
Vee,3,rate,46,0,3945,0
ggm,3,rate,36,0,3940,0
Xgg,3,rate,97,0,3903,0
TXg,3,rate,127,0,3901,0
TXe,3,rate,127,0,3894,0
HXm,3,rate,127,0,3859,0
egj,3,rate,36,0,3852,0
TXj,3,rate,127,0,3771,0
TXm,3,rate,127,0,3771,0
ZZZ,3,rate,28,0,3755,0
Xet,3,rate,127,0,3737,0
TXZ,3,rate,127,0,3728,0
XZg,3,rate,97,0,3718,0
Xgj,3,rate,97,0,3688,0
gmm,3,rate,46,0,3663,0
ejm,3,rate,46,0,3619,0
Zgm,3,rate,36,0,3587,0
Xmt,3,rate,127,0,3586,0
TVX,3,rate,127,0,3566,0
XZj,3,rate,97,0,3516,0
Zej,3,rate,36,0,3515,0
Xjj,3,rate,97,0,3505,0
VXg,3,rate,97,0,3455,0
TXb,3,rate,127,0,3436,0
Zmm,3,rate,46,0,3417,0
XZZ,3,rate,97,0,3385,0
VXj,3,rate,97,0,3291,0
TTX,3,rate,127,0,3277,0
HTX,3,rate,127,0,3244,0
Xbg,3,rate,97,0,3192,0
Vem,3,rate,46,0,3157,0
VXZ,3,rate,97,0,3149,0
ZZm,3,rate,36,0,3136,0
Veg,3,rate,36,0,3136,0
HXg,3,rate,97,0,3079,0
Xbj,3,rate,97,0,3071,0
ggj,3,rate,28,0,3065,0
XZb,3,rate,97,0,3048,0
jmm,3,rate,46,0,3021,0
TXt,3,rate,127,0,3015,0
VVX,3,rate,97,0,2956,0
HXj,3,rate,97,0,2948,0
eem,3,motivated,28,14,2932,1466
VXb,3,rate,97,0,2898,0
gjm,3,rate,36,0,2867,0
Xgt,3,rate,97,0,2861,0
Hee,3,rate,46,0,2860,0
ejj,3,rate,36,0,2832,0
HXZ,3,rate,97,0,2832,0
Zgj,3,rate,28,0,2790,0
VZe,3,rate,36,0,2772,0
Xbb,3,rate,97,0,2766,0
Xjt,3,rate,97,0,2739,0
Vmm,3,rate,46,0,2707,0
HVX,3,rate,97,0,2676,0
Zjm,3,rate,36,0,2674,0
eet,3,rate,46,0,2658,0
XZt,3,rate,97,0,2655,0
HXb,3,rate,97,0,2624,0
bee,3,rate,46,0,2559,0
VXt,3,rate,97,0,2508,0
Vgm,3,rate,36,0,2495,0
Vgg,3,rate,28,0,2479,0
Hem,3,rate,46,0,2478,0
Vej,3,rate,36,0,2471,0
HHX,3,rate,97,0,2443,0
ZZj,3,rate,28,0,2439,0
Xbt,3,rate,97,0,2439,0
jjm,3,rate,36,0,2364,0
bem,3,rate,46,0,2319,0
emt,3,rate,46,0,2303,0
HXt,3,rate,97,0,2300,0
Heg,3,rate,36,0,2259,0
VZm,3,rate,36,0,2235,0
gjj,3,rate,28,0,2230,0
Hmm,3,rate,46,0,2217,0
emm,3,motivated,28,14,2203,1101
VZg,3,rate,28,0,2189,0
Xtt,3,rate,97,0,2177,0
Teg,3,rate,46,0,2156,0
bmm,3,rate,46,0,2136,0
Vjm,3,rate,36,0,2119,0
egt,3,rate,36,0,2099,0
VVe,3,rate,36,0,2091,0
Zjj,3,rate,28,0,2080,0
mmt,3,rate,46,0,2060,0
TZe,3,rate,46,0,2048,0
HZe,3,rate,36,0,2044,0
beg,3,rate,36,0,2015,0
Tgm,3,rate,46,0,2006,0
Tej,3,rate,46,0,1999,0
VZZ,3,rate,28,0,1961,0
Hgm,3,rate,36,0,1953,0
Vgj,3,rate,28,0,1941,0
Hej,3,rate,36,0,1939,0
Zet,3,rate,36,0,1917,0
TZm,3,rate,46,0,1909,0
Zbe,3,rate,36,0,1906,0
Tjm,3,rate,46,0,1878,0
TVe,3,rate,46,0,1860,0
jjj,3,motivated,28,28,1839,1839
mmm,3,motivated,28,14,1839,919
VVm,3,rate,36,0,1829,0
bgm,3,rate,36,0,1824,0
bej,3,rate,36,0,1815,0
gmt,3,rate,36,0,1814,0
ejt,3,rate,36,0,1802,0
HZm,3,rate,36,0,1777,0
Hgg,3,rate,28,0,1774,0
TVm,3,rate,46,0,1754,0
VZj,3,rate,28,0,1738,0
Hjm,3,rate,36,0,1735,0
Zbm,3,rate,36,0,1730,0
HVe,3,rate,36,0,1695,0
Tgg,3,rate,36,0,1694,0
bjm,3,rate,36,0,1672,0
Vbe,3,rate,36,0,1671,0
Tbe,3,rate,46,0,1667,0
Zmt,3,rate,36,0,1666,0
ggt,3,rate,28,0,1648,0
Vjj,3,rate,28,0,1648,0
VVg,3,rate,28,0,1640,0
HTe,3,rate,46,0,1633,0
jmt,3,rate,36,0,1612,0
TZg,3,rate,36,0,1610,0
HZg,3,rate,28,0,1604,0
Tbm,3,rate,46,0,1595,0
Vet,3,rate,36,0,1589,0
bgg,3,rate,28,0,1577,0
Tgj,3,rate,36,0,1570,0
HTm,3,rate,46,0,1551,0
Vbm,3,rate,36,0,1549,0
TTg,3,rate,46,0,1539,0
HVm,3,rate,36,0,1533,0
Hgj,3,rate,28,0,1519,0
Tet,3,rate,46,0,1517,0
Zgt,3,rate,28,0,1504,0
TZj,3,rate,36,0,1494,0
VVZ,3,rate,28,0,1492,0
Zbg,3,rate,28,0,1491,0
TTj,3,rate,46,0,1479,0
Tjj,3,rate,36,0,1470,0
TTZ,3,rate,46,0,1469,0
HZZ,3,rate,28,0,1467,0
TZZ,3,rate,36,0,1461,0
TVg,3,rate,36,0,1461,0
Tmt,3,rate,46,0,1441,0
bbe,3,rate,36,0,1440,0
Vmt,3,rate,36,0,1437,0
Hbe,3,rate,36,0,1437,0
HHe,3,rate,36,0,1434,0
VVj,3,rate,28,0,1423,0
bgj,3,rate,28,0,1419,0
gjt,3,rate,28,0,1411,0
TTV,3,rate,46,0,1395,0
ZZt,3,rate,28,0,1384,0
HZj,3,rate,28,0,1382,0
TVj,3,rate,36,0,1372,0
bbm,3,rate,36,0,1365,0
Het,3,rate,36,0,1350,0
Hjj,3,rate,28,0,1350,0
ZZb,3,rate,28,0,1348,0
Hbm,3,rate,36,0,1348,0
Zbj,3,rate,28,0,1346,0
bet,3,rate,36,0,1335,0
TVZ,3,rate,36,0,1328,0
TTb,3,rate,46,0,1328,0
HVg,3,rate,28,0,1326,0
HHm,3,rate,36,0,1323,0
Tbg,3,rate,36,0,1308,0
Tee,3,rate,28,0,1307,0
Vbg,3,rate,28,0,1306,0
bjj,3,rate,28,0,1300,0
Zjt,3,rate,28,0,1296,0
HTg,3,rate,36,0,1281,0
ett,3,rate,36,0,1277,0
HTT,3,rate,46,0,1262,0
jjt,3,rate,28,0,1254,0
bmt,3,rate,36,0,1252,0
VVV,3,rate,28,0,1252,0
Tbj,3,rate,36,0,1248,0
TZb,3,rate,36,0,1248,0
Hmt,3,rate,36,0,1246,0
Vgt,3,rate,28,0,1243,0
TVV,3,rate,36,0,1226,0
HVZ,3,rate,28,0,1220,0
Tem,3,rate,28,0,1217,0
HTj,3,rate,36,0,1214,0
Vbj,3,rate,28,0,1204,0
HVj,3,rate,28,0,1192,0
Tgt,3,rate,36,0,1191,0
VZb,3,rate,28,0,1184,0
mtt,3,rate,36,0,1179,0
HTZ,3,rate,36,0,1177,0
TVb,3,rate,36,0,1174,0
TTt,3,rate,46,0,1172,0
VZt,3,rate,28,0,1151,0
Tmm,3,rate,28,0,1143,0
Tjt,3,rate,36,0,1128,0
bbg,3,rate,28,0,1123,0
Hbg,3,rate,28,0,1122,0
HHg,3,rate,28,0,1121,0
Vjt,3,rate,28,0,1118,0
Tbb,3,rate,36,0,1104,0
TZt,3,rate,36,0,1103,0
HTV,3,rate,36,0,1097,0
Zbb,3,rate,28,0,1070,0
VVb,3,rate,28,0,1069,0
HVV,3,rate,28,0,1067,0
bbj,3,rate,28,0,1062,0
HTb,3,rate,36,0,1056,0
Hgt,3,rate,28,0,1055,0
Hbj,3,rate,28,0,1048,0
bgt,3,rate,28,0,1042,0
HHZ,3,rate,28,0,1039,0
HHj,3,rate,28,0,1029,0
TVt,3,rate,36,0,1028,0
HZb,3,rate,28,0,1028,0
VVt,3,rate,28,0,1007,0
gtt,3,rate,28,0,998,0
Vbb,3,rate,28,0,995,0
HHT,3,rate,36,0,992,0
HZt,3,rate,28,0,984,0
Tbt,3,rate,36,0,981,0
bjt,3,rate,28,0,974,0
Hjt,3,rate,28,0,969,0
Zbt,3,rate,28,0,964,0
HVb,3,rate,28,0,942,0
TTe,3,rate,28,0,935,0
Ztt,3,rate,28,0,934,0
HTt,3,rate,36,0,934,0
HHV,3,rate,28,0,932,0
bbb,3,rate,28,0,919,0
jtt,3,rate,28,0,917,0
TTm,3,rate,28,0,900,0
Hbb,3,rate,28,0,887,0
Ttt,3,rate,36,0,884,0
Vbt,3,rate,28,0,884,0
HVt,3,rate,28,0,882,0
HHb,3,rate,28,0,843,0
Vtt,3,rate,28,0,838,0
HHH,3,rate,28,0,828,0
bbt,3,rate,28,0,824,0
Hbt,3,rate,28,0,794,0
HHt,3,rate,28,0,786,0
TTT,3,rate,28,0,766,0
btt,3,rate,28,0,751,0
Htt,3,rate,28,0,749,0
ttt,3,rate,28,0,715,0
Xeeg,4,rate,23,0,874,0
XZee,4,rate,23,0,850,0
eegg,4,rate,4,0,850,0
Xegm,4,rate,23,0,829,0
Xeej,4,rate,23,0,826,0
XZem,4,rate,23,0,807,0
VXee,4,rate,23,0,791,0
Xgmm,4,rate,23,0,790,0
Xejm,4,rate,23,0,788,0
XZmm,4,rate,23,0,769,0
VXem,4,rate,23,0,756,0
Xjmm,4,rate,23,0,754,0
VXmm,4,rate,23,0,725,0
Xbee,4,rate,23,0,717,0
HXee,4,rate,23,0,706,0
Xbem,4,rate,23,0,691,0
Zeeg,4,rate,4,0,689,0
Xegg,4,rate,18,0,686,0
HXem,4,rate,23,0,678,0
TXeg,4,rate,23,0,671,0
Xbmm,4,rate,23,0,668,0
XZeg,4,rate,18,0,667,0
Xeet,4,rate,23,0,656,0
TXZe,4,rate,23,0,654,0
HXmm,4,rate,23,0,653,0
Xggm,4,rate,18,0,650,0
TXgm,4,rate,23,0,650,0
Xegj,4,rate,18,0,648,0
TXej,4,rate,23,0,648,0
TXZm,4,rate,23,0,634,0
XZgm,4,rate,18,0,633,0
XZej,4,rate,18,0,631,0
Xemt,4,rate,23,0,629,0
TXjm,4,rate,23,0,629,0
TVXe,4,rate,23,0,626,0
VXeg,4,rate,18,0,621,0
Xgjm,4,rate,18,0,618,0
Xejj,4,rate,18,0,617,0
TVXm,4,rate,23,0,608,0
XZZe,4,rate,18,0,608,0
Xmmt,4,rate,23,0,606,0
XZjm,4,rate,18,0,602,0
VXgm,4,rate,18,0,593,0
VXej,4,rate,18,0,591,0
TXbe,4,rate,23,0,591,0
Xjjm,4,rate,18,0,590,0
XZZm,4,rate,18,0,577,0
TXbm,4,rate,23,0,577,0
HTXe,4,rate,23,0,570,0
VXjm,4,rate,18,0,567,0
VXZe,4,rate,18,0,566,0
TTXg,4,rate,23,0,565,0
Xbeg,4,rate,18,0,562,0
HTXm,4,rate,23,0,555,0
HXeg,4,rate,18,0,554,0
TTXZ,4,rate,23,0,552,0
ZZee,4,rate,4,0,551,0
TTXj,4,rate,23,0,551,0
XZbe,4,rate,18,0,548,0
Xbgm,4,rate,18,0,542,0
gggg,4,rate,2,0,542,0
VXZm,4,rate,18,0,541,0
Xbej,4,rate,18,0,541,0
Xggg,4,rate,14,0,535,0
TTVX,4,rate,23,0,534,0
VVXe,4,rate,18,0,532,0
HXgm,4,rate,18,0,532,0
HXej,4,rate,18,0,530,0
Xeee,4,rate,14,0,530,0
TXet,4,rate,23,0,530,0
XZbm,4,rate,18,0,528,0
TXgg,4,rate,18,0,526,0
Xbjm,4,rate,18,0,523,0
VXbe,4,rate,18,0,521,0
XZgg,4,rate,14,0,521,0
TXmt,4,rate,23,0,516,0
TTXb,4,rate,23,0,515,0
Xegt,4,rate,18,0,514,0
TXZg,4,rate,18,0,513,0
VVXm,4,rate,18,0,511,0
HXjm,4,rate,18,0,511,0
HXZe,4,rate,18,0,509,0
TXgj,4,rate,18,0,508,0
Xggj,4,rate,14,0,506,0
VXbm,4,rate,18,0,504,0
Xeem,4,rate,14,0,503,0
TXZj,4,rate,18,0,496,0
Xgmt,4,rate,18,0,494,0
Xejt,4,rate,18,0,493,0
TXjj,4,rate,18,0,493,0
XZgj,4,rate,14,0,492,0
HTTX,4,rate,23,0,491,0
TVXg,4,rate,18,0,491,0
HXZm,4,rate,18,0,489,0
Xbbe,4,rate,18,0,487,0
VXgg,4,rate,14,0,484,0
HVXe,4,rate,18,0,481,0
Xgjj,4,rate,14,0,481,0
Xemm,4,rate,14,0,480,0
XZet,4,rate,18,0,476,0
TVXj,4,rate,18,0,476,0
XZZg,4,rate,14,0,474,0
Xjmt,4,rate,18,0,474,0
Xbbm,4,rate,18,0,474,0
eggg,4,rate,2,0,473,0
HXbe,4,rate,18,0,473,0
TXZZ,4,rate,18,0,469,0
XZjj,4,rate,14,0,468,0
HVXm,4,rate,18,0,464,0
TXbg,4,rate,18,0,463,0
VXgj,4,rate,14,0,461,0
Xjjj,4,rate,14,0,459,0
Xmmm,4,rate,14,0,459,0
HXbm,4,rate,18,0,459,0
XZmt,4,rate,18,0,457,0
TTXt,4,rate,23,0,456,0
TXZb,4,rate,18,0,452,0
TXbj,4,rate,18,0,451,0
VXet,4,rate,18,0,450,0
XZZj,4,rate,14,0,449,0
TVXZ,4,rate,18,0,449,0
HTXg,4,rate,18,0,447,0
VXZg,4,rate,14,0,442,0
VXjj,4,rate,14,0,441,0
Xbet,4,rate,18,0,439,0
HHXe,4,rate,18,0,439,0
Xbgg,4,rate,14,0,438,0
TVXb,4,rate,18,0,437,0
XZZZ,4,rate,14,0,437,0
HTXj,4,rate,18,0,435,0
VXmt,4,rate,18,0,434,0
HXgg,4,rate,14,0,432,0
TVVX,4,rate,18,0,431,0
XZbg,4,rate,14,0,427,0
Xbmt,4,rate,18,0,426,0
HHXm,4,rate,18,0,424,0
Xbgj,4,rate,14,0,421,0
VXZj,4,rate,14,0,421,0
TXbb,4,rate,18,0,419,0
TXgt,4,rate,18,0,415,0
VVXg,4,rate,14,0,415,0
HXgj,4,rate,14,0,414,0
HTXZ,4,rate,18,0,412,0
HXet,4,rate,18,0,412,0
XZbj,4,rate,14,0,411,0
TXee,4,rate,14,0,407,0
VXZZ,4,rate,14,0,407,0
Xbjj,4,rate,14,0,407,0
VXbg,4,rate,14,0,406,0
TXjt,4,rate,18,0,403,0
Zggg,4,rate,2,0,401,0
Xggt,4,rate,14,0,401,0
HTXb,4,rate,18,0,401,0
eggm,4,rate,4,0,401,0
HXmt,4,rate,18,0,398,0
VVXj,4,rate,14,0,397,0
HXjj,4,rate,14,0,397,0
HXZg,4,rate,14,0,397,0
HTVX,4,rate,18,0,397,0
TXem,4,rate,14,0,395,0
eegj,4,rate,4,0,392,0
VXbj,4,rate,14,0,392,0
XZZb,4,rate,14,0,390,0
eeeg,4,rate,2,0,389,0
Xett,4,rate,18,0,388,0
TXZt,4,rate,18,0,385,0
Xgjt,4,rate,14,0,384,0
TXmm,4,rate,14,0,383,0
VVXZ,4,rate,14,0,382,0
HXZj,4,rate,14,0,380,0
Xbbg,4,rate,14,0,380,0
Xmtt,4,rate,18,0,375,0
HVXg,4,rate,14,0,375,0
Zegm,4,rate,4,0,374,0
TXbt,4,rate,18,0,372,0
VXZb,4,rate,14,0,371,0
XZgt,4,rate,14,0,371,0
TVXt,4,rate,18,0,371,0
XZbb,4,rate,14,0,371,0
Zegg,4,rate,2,0,370,0
Xjjt,4,rate,14,0,369,0
Xbbj,4,rate,14,0,369,0
HXbg,4,rate,14,0,368,0
HXZZ,4,rate,14,0,368,0
Zeej,4,rate,4,0,367,0
HHTX,4,rate,18,0,367,0
VVVX,4,rate,14,0,362,0
eeee,4,rate,2,0,361,0
HVXj,4,rate,14,0,361,0
VXbb,4,rate,14,0,357,0
HXbj,4,rate,14,0,357,0
XZjt,4,rate,14,0,356,0
VVXb,4,rate,14,0,355,0
VXgt,4,rate,14,0,351,0
HVXZ,4,rate,14,0,348,0
XZZt,4,rate,14,0,345,0
HTXt,4,rate,18,0,344,0
TTXe,4,rate,14,0,343,0
Xbgt,4,rate,14,0,342,0
HHXg,4,rate,14,0,342,0
Xbbb,4,rate,14,0,340,0
HXZb,4,rate,14,0,339,0
VXjt,4,rate,14,0,337,0
TTXm,4,rate,14,0,336,0
Xbjt,4,rate,14,0,331,0
HVVX,4,rate,14,0,330,0
HHXj,4,rate,14,0,330,0
Veeg,4,rate,4,0,330,0
ZZem,4,rate,4,0,328,0
VXZt,4,rate,14,0,327,0
HXbb,4,rate,14,0,326,0
HVXb,4,rate,14,0,325,0
TXtt,4,rate,18,0,324,0
Zeee,4,rate,2,0,324,0
HXgt,4,rate,14,0,321,0
HHXZ,4,rate,14,0,318,0
XZbt,4,rate,14,0,317,0
VVXt,4,rate,14,0,311,0
HXjt,4,rate,14,0,310,0
ZZgg,4,rate,2,0,308,0
VXbt,4,rate,14,0,304,0
HHVX,4,rate,14,0,304,0
Xbbt,4,rate,14,0,303,0
Xgtt,4,rate,14,0,302,0
TTTX,4,rate,14,0,302,0
ggmm,4,rate,4,0,300,0
HXZt,4,rate,14,0,300,0
HHXb,4,rate,14,0,300,0
egjm,4,rate,4,0,297,0
eejj,4,motivated,4,2,293,293
VZee,4,rate,4,0,292,0
Xjtt,4,rate,14,0,292,0
ZZeg,4,rate,2,0,291,0
HVXt,4,rate,14,0,286,0
Zgmm,4,rate,4,0,286,0
XZtt,4,rate,14,0,283,0
Zejm,4,rate,4,0,283,0
HXbt,4,rate,14,0,281,0
HHHX,4,rate,14,0,281,0
VXtt,4,rate,14,0,271,0
HHXt,4,rate,14,0,265,0
Xbtt,4,rate,14,0,265,0
Vegm,4,rate,4,0,265,0
Veej,4,rate,4,0,262,0
ZZmm,4,rate,4,0,256,0
HXtt,4,rate,14,0,251,0
ZZZg,4,rate,2,0,251,0
gjmm,4,rate,4,0,249,0
ejjm,4,rate,4,0,246,0
Heeg,4,rate,4,0,240,0
ZZZe,4,rate,2,0,239,0
Zjmm,4,rate,4,0,239,0
Xttt,4,rate,14,0,238,0
VZem,4,rate,4,0,238,0
Vgmm,4,rate,4,0,228,0
Vejm,4,rate,4,0,226,0
eegt,4,rate,4,0,223,0
VVee,4,rate,4,0,223,0
HZee,4,rate,4,0,218,0
jjmm,4,motivated,4,2,217,217
beeg,4,rate,4,0,211,0
ZZZZ,4,rate,2,0,211,0
Hegm,4,rate,4,0,209,0
Heej,4,rate,4,0,207,0
VZmm,4,rate,4,0,205,0
gggj,4,rate,2,0,205,0
gggm,4,rate,2,0,205,0
Zbee,4,rate,4,0,204,0
Zeet,4,rate,4,0,203,0
Vjmm,4,rate,4,0,201,0
eggj,4,rate,2,0,200,0
eegm,4,rate,2,0,196,0
VVem,4,rate,4,0,196,0
egmt,4,rate,4,0,194,0
eejt,4,rate,4,0,192,0
eeej,4,rate,2,0,192,0
eeem,4,rate,2,0,192,0
begm,4,rate,4,0,191,0
Zggj,4,rate,2,0,191,0
Zggm,4,rate,2,0,191,0
beej,4,rate,4,0,190,0
HZem,4,rate,4,0,190,0
Zegj,4,rate,2,0,187,0
Hgmm,4,rate,4,0,187,0
Hejm,4,rate,4,0,186,0
Zbem,4,rate,4,0,185,0
Zeem,4,rate,2,0,183,0
HVee,4,rate,4,0,181,0
Vbee,4,rate,4,0,179,0
Tegg,4,rate,4,0,178,0
Zemt,4,rate,4,0,177,0
VVmm,4,rate,4,0,176,0
bgmm,4,rate,4,0,176,0
bejm,4,rate,4,0,176,0
gmmt,4,rate,4,0,174,0
TZeg,4,rate,4,0,173,0
ejmt,4,rate,4,0,173,0
Zbmm,4,rate,4,0,171,0
HZmm,4,rate,4,0,171,0
Hjmm,4,rate,4,0,170,0
Vggg,4,rate,2,0,170,0
Veet,4,rate,4,0,169,0
Vegg,4,rate,2,0,167,0
ZZgj,4,rate,2,0,167,0
ZZgm,4,rate,2,0,167,0
Vbem,4,rate,4,0,166,0
Tggm,4,rate,4,0,166,0
Tegj,4,rate,4,0,165,0
HVem,4,rate,4,0,164,0
ZZej,4,rate,2,0,164,0
bjmm,4,rate,4,0,164,0
Veee,4,rate,2,0,162,0
TZgm,4,rate,4,0,161,0
TZej,4,rate,4,0,160,0
Zmmt,4,rate,4,0,159,0
jmmt,4,rate,4,0,158,0
TZZe,4,rate,4,0,157,0
TVeg,4,rate,4,0,157,0
Vbmm,4,rate,4,0,156,0
Tgjm,4,rate,4,0,155,0
Tejj,4,rate,4,0,155,0
Hbee,4,rate,4,0,154,0
Vemt,4,rate,4,0,154,0
HHee,4,rate,4,0,153,0
bbee,4,rate,4,0,151,0
HVmm,4,rate,4,0,151,0
TZjm,4,rate,4,0,151,0
VZgg,4,rate,2,0,150,0
ggjj,4,rate,2,0,150,0
ggjm,4,rate,2,0,150,0
ZZZj,4,rate,2,0,149,0
ZZZm,4,rate,2,0,149,0
egjj,4,rate,2,0,148,0
egmm,4,rate,2,0,148,0
VZeg,4,rate,2,0,148,0
TVgm,4,rate,4,0,148,0
TVej,4,rate,4,0,147,0
eejm,4,rate,2,0,147,0
eemm,4,rate,2,0,147,0
TZZm,4,rate,4,0,147,0
Tjjm,4,rate,4,0,146,0
Hbem,4,rate,4,0,145,0
Heet,4,rate,4,0,144,0
bbem,4,rate,4,0,144,0
beet,4,rate,4,0,143,0
Zgjj,4,rate,2,0,143,0
Zgjm,4,rate,2,0,143,0
TVZe,4,rate,4,0,143,0
HHem,4,rate,4,0,142,0
Zejj,4,rate,2,0,142,0
Zemm,4,rate,2,0,142,0
Vmmt,4,rate,4,0,141,0
TVjm,4,rate,4,0,140,0
HTeg,4,rate,4,0,138,0
Tbeg,4,rate,4,0,138,0
bbmm,4,rate,4,0,137,0
Hbmm,4,rate,4,0,137,0
eett,4,rate,4,0,136,0
TVZm,4,rate,4,0,135,0
VZZg,4,rate,2,0,135,0
bemt,4,rate,4,0,135,0
TZbe,4,rate,4,0,134,0
Vggj,4,rate,2,0,134,0
Vggm,4,rate,2,0,134,0
Hemt,4,rate,4,0,133,0
VZZe,4,rate,2,0,133,0
Vegj,4,rate,2,0,132,0
HHmm,4,rate,4,0,132,0
TVVe,4,rate,4,0,132,0
Tbgm,4,rate,4,0,132,0
Tbej,4,rate,4,0,132,0
Veem,4,rate,2,0,131,0
HTgm,4,rate,4,0,131,0
HTej,4,rate,4,0,131,0
TZbm,4,rate,4,0,128,0
Tegt,4,rate,4,0,128,0
ZZjj,4,rate,2,0,128,0
ZZjm,4,rate,2,0,128,0
TTgg,4,rate,4,0,127,0
bmmt,4,rate,4,0,127,0
HTZe,4,rate,4,0,127,0
TVbe,4,rate,4,0,126,0
Tbjm,4,rate,4,0,126,0
TVVm,4,rate,4,0,126,0
emtt,4,rate,4,0,125,0
HTjm,4,rate,4,0,125,0
gjjj,4,rate,2,0,124,0
gjjm,4,rate,2,0,124,0
gmmm,4,rate,2,0,124,0
Hmmt,4,rate,4,0,124,0
TTZg,4,rate,4,0,124,0
ejjj,4,rate,2,0,123,0
ejmm,4,rate,2,0,123,0
emmm,4,rate,2,0,123,0
Hggg,4,rate,2,0,122,0
TTgj,4,rate,4,0,122,0
Tgmt,4,rate,4,0,122,0
VZZZ,4,rate,2,0,122,0
TVbm,4,rate,4,0,122,0
Tejt,4,rate,4,0,121,0
Hegg,4,rate,2,0,121,0
HTZm,4,rate,4,0,120,0
VZgj,4,rate,2,0,120,0
VZgm,4,rate,2,0,120,0
Zjjj,4,rate,2,0,119,0
Zjjm,4,rate,2,0,119,0
Zmmm,4,rate,2,0,119,0
TTZj,4,rate,4,0,119,0
Heee,4,rate,2,0,119,0
VZej,4,rate,2,0,119,0
TZet,4,rate,4,0,118,0
HTVe,4,rate,4,0,118,0
TTjj,4,rate,4,0,118,0
TTVg,4,rate,4,0,118,0
mmtt,4,rate,4,0,117,0
Tbbe,4,rate,4,0,116,0
Tjmt,4,rate,4,0,116,0
Vgjj,4,rate,2,0,114,0
Vgjm,4,rate,2,0,114,0
HTbe,4,rate,4,0,114,0
gggt,4,rate,2,0,114,0
TTVj,4,rate,4,0,114,0
VVgg,4,rate,2,0,113,0
TTZZ,4,rate,4,0,113,0
Vejj,4,rate,2,0,113,0
Vemm,4,rate,2,0,113,0
HTVm,4,rate,4,0,113,0
Tbbm,4,rate,4,0,113,0
eggt,4,rate,2,0,113,0
TZmt,4,rate,4,0,113,0
VVeg,4,rate,2,0,112,0
HZgg,4,rate,2,0,111,0
eeet,4,rate,2,0,111,0
TVet,4,rate,4,0,110,0
TTbg,4,rate,4,0,110,0
HTbm,4,rate,4,0,110,0
HZeg,4,rate,2,0,110,0
VZZj,4,rate,2,0,109,0
VZZm,4,rate,2,0,109,0
jjjj,4,rate,2,0,108,0
jjjm,4,rate,2,0,108,0
jmmm,4,rate,2,0,108,0
mmmm,4,rate,2,0,108,0
TTVZ,4,rate,4,0,108,0
TTZb,4,rate,4,0,107,0
bggg,4,rate,2,0,107,0
HTTg,4,rate,4,0,107,0
HHTe,4,rate,4,0,107,0
TTbj,4,rate,4,0,107,0
begg,4,rate,2,0,106,0
Tbet,4,rate,4,0,106,0
TVmt,4,rate,4,0,106,0
Hggj,4,rate,2,0,105,0
Hggm,4,rate,2,0,105,0
beee,4,rate,2,0,105,0
Hegj,4,rate,2,0,104,0
Heem,4,rate,2,0,104,0
Zggt,4,rate,2,0,104,0
HTTj,4,rate,4,0,103,0
TTVb,4,rate,4,0,103,0
Zbgg,4,rate,2,0,103,0
VVZg,4,rate,2,0,103,0
TTVV,4,rate,4,0,103,0
VZjj,4,rate,2,0,103,0
VZjm,4,rate,2,0,103,0
Zegt,4,rate,2,0,103,0
Zbeg,4,rate,2,0,102,0
HHTm,4,rate,4,0,102,0
VVZe,4,rate,2,0,102,0
Tbmt,4,rate,4,0,102,0
HZZg,4,rate,2,0,101,0
Vjjj,4,rate,2,0,101,0
Vjjm,4,rate,2,0,101,0
Vmmm,4,rate,2,0,101,0
HZZe,4,rate,2,0,100,0
HTet,4,rate,4,0,100,0
TTgt,4,rate,4,0,99,0
VVgj,4,rate,2,0,98,0
VVgm,4,rate,2,0,98,0
HTTZ,4,rate,4,0,98,0
TTbb,4,rate,4,0,98,0
VVej,4,rate,2,0,98,0
ggjt,4,rate,2,0,98,0
ggmt,4,rate,2,0,98,0
egjt,4,rate,2,0,97,0
eemt,4,rate,2,0,96,0
HTmt,4,rate,4,0,96,0
bggj,4,rate,2,0,96,0
bggm,4,rate,2,0,96,0
TTjt,4,rate,4,0,96,0
begj,4,rate,2,0,96,0
HZgj,4,rate,2,0,96,0
HZgm,4,rate,2,0,96,0
beem,4,rate,2,0,95,0
HZej,4,rate,2,0,95,0
ZZgt,4,rate,2,0,95,0
Tett,4,rate,4,0,94,0
HTTb,4,rate,4,0,94,0
VVZZ,4,rate,2,0,94,0
ZZet,4,rate,2,0,94,0
HTTV,4,rate,4,0,94,0
Hgjj,4,rate,2,0,93,0
Hgjm,4,rate,2,0,93,0
ZZbg,4,rate,2,0,93,0
Zbgj,4,rate,2,0,93,0
Zbgm,4,rate,2,0,93,0
Hejj,4,rate,2,0,93,0
Hemm,4,rate,2,0,93,0
ZZbe,4,rate,2,0,93,0
Zbej,4,rate,2,0,93,0
HZZZ,4,rate,2,0,93,0
TTZt,4,rate,4,0,92,0
HVgg,4,rate,2,0,92,0
HVeg,4,rate,2,0,91,0
Tmtt,4,rate,4,0,91,0
Vbgg,4,rate,2,0,90,0
Vbeg,4,rate,2,0,90,0
VVZj,4,rate,2,0,90,0
VVZm,4,rate,2,0,90,0
Tggg,4,rate,2,0,89,0
Zgjt,4,rate,2,0,89,0
Zgmt,4,rate,2,0,89,0
Zejt,4,rate,2,0,89,0
Teeg,4,rate,2,0,89,0
VVjj,4,rate,2,0,88,0
VVjm,4,rate,2,0,88,0
Teee,4,rate,2,0,88,0
bgjj,4,rate,2,0,88,0
bgjm,4,rate,2,0,88,0
TTVt,4,rate,4,0,88,0
bejj,4,rate,2,0,88,0
bemm,4,rate,2,0,88,0
HZZj,4,rate,2,0,88,0
HZZm,4,rate,2,0,88,0
TTbt,4,rate,4,0,88,0
ZZZt,4,rate,2,0,87,0
gjjt,4,rate,2,0,87,0
gjmt,4,rate,2,0,87,0
TZgg,4,rate,2,0,87,0
HHTT,4,rate,4,0,87,0
VVVg,4,rate,2,0,87,0
ejjt,4,rate,2,0,86,0
emmt,4,rate,2,0,86,0
VVVe,4,rate,2,0,86,0
TZee,4,rate,2,0,86,0
Vggt,4,rate,2,0,86,0
Zbjj,4,rate,2,0,86,0
Zbjm,4,rate,2,0,86,0
ZZZb,4,rate,2,0,85,0
HZjj,4,rate,2,0,85,0
HZjm,4,rate,2,0,85,0
Vegt,4,rate,2,0,85,0
Hjjj,4,rate,2,0,85,0
Hjjm,4,rate,2,0,85,0
Hmmm,4,rate,2,0,85,0
ZZbj,4,rate,2,0,85,0
ZZbm,4,rate,2,0,85,0
HVZg,4,rate,2,0,84,0
HVZe,4,rate,2,0,84,0
Vbgj,4,rate,2,0,83,0
Vbgm,4,rate,2,0,83,0
Vbej,4,rate,2,0,83,0
Tggj,4,rate,2,0,83,0
Tegm,4,rate,2,0,83,0
HVgj,4,rate,2,0,83,0
HVgm,4,rate,2,0,83,0
ZZjt,4,rate,2,0,82,0
ZZmt,4,rate,2,0,82,0
Teej,4,rate,2,0,82,0
Teem,4,rate,2,0,82,0
HVej,4,rate,2,0,82,0
VZbg,4,rate,2,0,82,0
bjjj,4,rate,2,0,82,0
bjjm,4,rate,2,0,82,0
bmmm,4,rate,2,0,82,0
VZbe,4,rate,2,0,82,0
HTTt,4,rate,4,0,81,0
TZgj,4,rate,2,0,80,0
TZem,4,rate,2,0,80,0
Zjjt,4,rate,2,0,80,0
Zjmt,4,rate,2,0,80,0
VVVZ,4,rate,2,0,80,0
VZgt,4,rate,2,0,79,0
jjjt,4,rate,2,0,79,0
jjmt,4,rate,2,0,79,0
mmmt,4,rate,2,0,79,0
TZZg,4,rate,2,0,79,0
TVgg,4,rate,2,0,79,0
VZet,4,rate,2,0,79,0
VVVj,4,rate,2,0,78,0
VVVm,4,rate,2,0,78,0
TVee,4,rate,2,0,78,0
Vbjj,4,rate,2,0,78,0
Vbjm,4,rate,2,0,78,0
Hbgg,4,rate,2,0,78,0
HVZZ,4,rate,2,0,78,0
Tgjj,4,rate,2,0,78,0
Tgmm,4,rate,2,0,78,0
Hbeg,4,rate,2,0,77,0
HHgg,4,rate,2,0,77,0
Tejm,4,rate,2,0,77,0
Temm,4,rate,2,0,77,0
Vgjt,4,rate,2,0,77,0
Vgmt,4,rate,2,0,77,0
HHeg,4,rate,2,0,77,0
Vejt,4,rate,2,0,77,0
TTtt,4,rate,4,0,77,0
bbgg,4,rate,2,0,76,0
bbeg,4,rate,2,0,76,0
HVZj,4,rate,2,0,76,0
HVZm,4,rate,2,0,76,0
VZbj,4,rate,2,0,76,0
VZbm,4,rate,2,0,76,0
HVjj,4,rate,2,0,76,0
HVjm,4,rate,2,0,76,0
TZjj,4,rate,2,0,75,0
TZmm,4,rate,2,0,75,0
VZZb,4,rate,2,0,75,0
Zbbg,4,rate,2,0,74,0
VVbg,4,rate,2,0,74,0
TVgj,4,rate,2,0,74,0
Zbbe,4,rate,2,0,74,0
VVbe,4,rate,2,0,74,0
TVem,4,rate,2,0,74,0
HVVg,4,rate,2,0,74,0
HVVe,4,rate,2,0,73,0
VZZt,4,rate,2,0,73,0
TZZj,4,rate,2,0,73,0
Tjjj,4,rate,2,0,73,0
Tjmm,4,rate,2,0,73,0
Tmmm,4,rate,2,0,73,0
Hbgj,4,rate,2,0,73,0
Hbgm,4,rate,2,0,73,0
Hggt,4,rate,2,0,73,0
Hbej,4,rate,2,0,72,0
Hegt,4,rate,2,0,72,0
TZZZ,4,rate,2,0,72,0
bggt,4,rate,2,0,72,0
bbgj,4,rate,2,0,72,0
bbgm,4,rate,2,0,72,0
begt,4,rate,2,0,72,0
bbej,4,rate,2,0,72,0
TVZg,4,rate,2,0,72,0
HHZg,4,rate,2,0,72,0
VZjt,4,rate,2,0,71,0
VZmt,4,rate,2,0,71,0
HZbg,4,rate,2,0,71,0
HHZe,4,rate,2,0,71,0
HHgj,4,rate,2,0,71,0
HHgm,4,rate,2,0,71,0
HZbe,4,rate,2,0,71,0
HHej,4,rate,2,0,71,0
Vjjt,4,rate,2,0,71,0
Vjmt,4,rate,2,0,71,0
VVVV,4,rate,2,0,70,0
Zbbj,4,rate,2,0,70,0
Zbbm,4,rate,2,0,70,0
TVjj,4,rate,2,0,70,0
TVmm,4,rate,2,0,70,0
VVbj,4,rate,2,0,69,0
VVbm,4,rate,2,0,69,0
VVgt,4,rate,2,0,69,0
HTgg,4,rate,2,0,69,0
Tbgg,4,rate,2,0,69,0
Vbbg,4,rate,2,0,69,0
VVet,4,rate,2,0,69,0
Vbbe,4,rate,2,0,69,0
HTee,4,rate,2,0,69,0
Tbee,4,rate,2,0,69,0
bbjj,4,rate,2,0,69,0
bbjm,4,rate,2,0,69,0
Hbjj,4,rate,2,0,68,0
Hbjm,4,rate,2,0,68,0
ggtt,4,rate,2,0,68,0
HVVZ,4,rate,2,0,68,0
egtt,4,rate,2,0,68,0
VVZb,4,rate,2,0,68,0
HVVj,4,rate,2,0,68,0
HVVm,4,rate,2,0,68,0
ZZbb,4,rate,2,0,68,0
bgjt,4,rate,2,0,68,0
bgmt,4,rate,2,0,68,0
HZgt,4,rate,2,0,67,0
TVZj,4,rate,2,0,67,0
bejt,4,rate,2,0,67,0
TZbg,4,rate,2,0,67,0
HZet,4,rate,2,0,67,0
Hgjt,4,rate,2,0,67,0
Hgmt,4,rate,2,0,67,0
HZbj,4,rate,2,0,67,0
HZbm,4,rate,2,0,67,0
Zbgt,4,rate,2,0,67,0
Hejt,4,rate,2,0,67,0
HHZZ,4,rate,2,0,66,0
Zbet,4,rate,2,0,66,0
HHjj,4,rate,2,0,66,0
HHjm,4,rate,2,0,66,0
TVVg,4,rate,2,0,66,0
Tbgj,4,rate,2,0,66,0
TVZZ,4,rate,2,0,66,0
HHZj,4,rate,2,0,66,0
HHZm,4,rate,2,0,66,0
Tbem,4,rate,2,0,66,0
HZZb,4,rate,2,0,66,0
Vbbj,4,rate,2,0,66,0
Vbbm,4,rate,2,0,66,0
HTgj,4,rate,2,0,66,0
HTem,4,rate,2,0,65,0
HVbg,4,rate,2,0,65,0
HVbe,4,rate,2,0,65,0
VVZt,4,rate,2,0,64,0
HHVg,4,rate,2,0,64,0
TZbj,4,rate,2,0,64,0
Tggt,4,rate,2,0,64,0
HHVe,4,rate,2,0,64,0
VVjt,4,rate,2,0,64,0
VVmt,4,rate,2,0,64,0
Teet,4,rate,2,0,64,0
Zgtt,4,rate,2,0,64,0
bjjt,4,rate,2,0,64,0
bjmt,4,rate,2,0,64,0
TTeg,4,rate,2,0,63,0
Zett,4,rate,2,0,63,0
HTZg,4,rate,2,0,63,0
TTee,4,rate,2,0,63,0
TVbg,4,rate,2,0,63,0
Tbjj,4,rate,2,0,63,0
Tbmm,4,rate,2,0,63,0
gjtt,4,rate,2,0,63,0
gmtt,4,rate,2,0,63,0
VZbb,4,rate,2,0,63,0
HZZt,4,rate,2,0,63,0
TVVj,4,rate,2,0,63,0
ejtt,4,rate,2,0,63,0
VVVb,4,rate,2,0,63,0
bbbg,4,rate,2,0,62,0
HTjj,4,rate,2,0,62,0
HTmm,4,rate,2,0,62,0
Zbjt,4,rate,2,0,62,0
Zbmt,4,rate,2,0,62,0
bbbe,4,rate,2,0,62,0
Hjjt,4,rate,2,0,62,0
Hjmt,4,rate,2,0,62,0
HZjt,4,rate,2,0,62,0
HZmt,4,rate,2,0,62,0
TTZe,4,rate,2,0,62,0
ZZbt,4,rate,2,0,62,0
HVbj,4,rate,2,0,62,0
HVbm,4,rate,2,0,62,0
HVVV,4,rate,2,0,62,0
Hbbg,4,rate,2,0,62,0
Hbbe,4,rate,2,0,61,0
TZZb,4,rate,2,0,61,0
TTgm,4,rate,2,0,61,0
Vbgt,4,rate,2,0,61,0
TTej,4,rate,2,0,61,0
TTem,4,rate,2,0,61,0
TVVZ,4,rate,2,0,61,0
Vbet,4,rate,2,0,61,0
Zbbb,4,rate,2,0,61,0
Tgjt,4,rate,2,0,61,0
TVbj,4,rate,2,0,61,0
Temt,4,rate,2,0,61,0
HVgt,4,rate,2,0,61,0
HVZb,4,rate,2,0,60,0
HVet,4,rate,2,0,60,0
HTZj,4,rate,2,0,60,0
bbbj,4,rate,2,0,60,0
bbbm,4,rate,2,0,60,0
HHVj,4,rate,2,0,60,0
HHVm,4,rate,2,0,60,0
HHVZ,4,rate,2,0,60,0
TTZm,4,rate,2,0,60,0
ZZtt,4,rate,2,0,60,0
TZgt,4,rate,2,0,59,0
HTVg,4,rate,2,0,59,0
VVbb,4,rate,2,0,59,0
Hbbj,4,rate,2,0,59,0
Hbbm,4,rate,2,0,59,0
TTjm,4,rate,2,0,59,0
TTmm,4,rate,2,0,59,0
TTVe,4,rate,2,0,59,0
Zjtt,4,rate,2,0,59,0
Zmtt,4,rate,2,0,59,0
HTZZ,4,rate,2,0,59,0
jjtt,4,rate,2,0,59,0
jmtt,4,rate,2,0,59,0
HHbg,4,rate,2,0,58,0
Tbbg,4,rate,2,0,58,0
HHbe,4,rate,2,0,58,0
VVVt,4,rate,2,0,58,0
Tjjt,4,rate,2,0,58,0
Tmmt,4,rate,2,0,58,0
Vbbb,4,rate,2,0,58,0
TVZb,4,rate,2,0,58,0
Vbjt,4,rate,2,0,58,0
Vbmt,4,rate,2,0,58,0
Vgtt,4,rate,2,0,57,0
bbgt,4,rate,2,0,57,0
Vett,4,rate,2,0,57,0
bbet,4,rate,2,0,57,0
HTbg,4,rate,2,0,57,0
HHHg,4,rate,2,0,57,0
TVVV,4,rate,2,0,57,0
TZbb,4,rate,2,0,57,0
TTVm,4,rate,2,0,57,0
HHHe,4,rate,2,0,57,0
VZbt,4,rate,2,0,57,0
HVjt,4,rate,2,0,57,0
HVmt,4,rate,2,0,57,0
HZbb,4,rate,2,0,57,0
HVZt,4,rate,2,0,57,0
HTVj,4,rate,2,0,56,0
Tbbj,4,rate,2,0,56,0
TZjt,4,rate,2,0,56,0
HVVb,4,rate,2,0,56,0
HHbj,4,rate,2,0,56,0
HHbm,4,rate,2,0,56,0
TVgt,4,rate,2,0,55,0
TZZt,4,rate,2,0,55,0
HTbj,4,rate,2,0,55,0
TTbe,4,rate,2,0,55,0
TVVb,4,rate,2,0,55,0
HHVV,4,rate,2,0,55,0
HTVZ,4,rate,2,0,55,0
Hbgt,4,rate,2,0,55,0
bbjt,4,rate,2,0,55,0
bbmt,4,rate,2,0,55,0
Hbet,4,rate,2,0,55,0
TVbb,4,rate,2,0,54,0
HHZb,4,rate,2,0,54,0
bbbb,4,rate,2,0,54,0
HHgt,4,rate,2,0,54,0
HHHj,4,rate,2,0,54,0
HHHm,4,rate,2,0,54,0
HHet,4,rate,2,0,54,0
VZtt,4,rate,2,0,54,0
Vjtt,4,rate,2,0,53,0
Vmtt,4,rate,2,0,53,0
HVbb,4,rate,2,0,53,0
HHTg,4,rate,2,0,53,0
TTbm,4,rate,2,0,53,0
HTTe,4,rate,2,0,53,0
HHHZ,4,rate,2,0,53,0
Tbgt,4,rate,2,0,53,0
Zbbt,4,rate,2,0,53,0
TVjt,4,rate,2,0,53,0
VVbt,4,rate,2,0,53,0
Hbbb,4,rate,2,0,53,0
HTZb,4,rate,2,0,52,0
Hbjt,4,rate,2,0,52,0
Hbmt,4,rate,2,0,52,0
TTTg,4,rate,2,0,52,0
TTTe,4,rate,2,0,52,0
HVVt,4,rate,2,0,52,0
HTTm,4,rate,2,0,52,0
bgtt,4,rate,2,0,52,0
HTVV,4,rate,2,0,52,0
TVZt,4,rate,2,0,51,0
bett,4,rate,2,0,51,0
Tbbb,4,rate,2,0,51,0
HHTj,4,rate,2,0,51,0
HZbt,4,rate,2,0,51,0
Tbjt,4,rate,2,0,51,0
Hgtt,4,rate,2,0,51,0
TTTZ,4,rate,2,0,51,0
Hett,4,rate,2,0,51,0
HHVb,4,rate,2,0,51,0
HHjt,4,rate,2,0,51,0
HHmt,4,rate,2,0,51,0
TTTj,4,rate,2,0,51,0
TTTm,4,rate,2,0,51,0
HHZt,4,rate,2,0,50,0
HTgt,4,rate,2,0,50,0
Vbbt,4,rate,2,0,50,0
HTVb,4,rate,2,0,50,0
HHTZ,4,rate,2,0,50,0
HTbb,4,rate,2,0,50,0
TTet,4,rate,2,0,49,0
HHHV,4,rate,2,0,49,0
VVtt,4,rate,2,0,49,0
bjtt,4,rate,2,0,49,0
bmtt,4,rate,2,0,49,0
TTTV,4,rate,2,0,49,0
TZbt,4,rate,2,0,49,0
bbbt,4,rate,2,0,49,0
HHbb,4,rate,2,0,49,0
TVVt,4,rate,2,0,48,0
gttt,4,rate,2,0,48,0
Zbtt,4,rate,2,0,48,0
ettt,4,rate,2,0,48,0
HTjt,4,rate,2,0,48,0
Hjtt,4,rate,2,0,48,0
Hmtt,4,rate,2,0,48,0
TTmt,4,rate,2,0,48,0
HVbt,4,rate,2,0,48,0
HZtt,4,rate,2,0,48,0
Tgtt,4,rate,2,0,47,0
HHTV,4,rate,2,0,47,0
TTTb,4,rate,2,0,47,0
HTZt,4,rate,2,0,47,0
HHVt,4,rate,2,0,47,0
TVbt,4,rate,2,0,47,0
HHHb,4,rate,2,0,46,0
Tbbt,4,rate,2,0,46,0
HHTb,4,rate,2,0,46,0
Hbbt,4,rate,2,0,46,0
jttt,4,rate,2,0,46,0
mttt,4,rate,2,0,46,0
Zttt,4,rate,2,0,46,0
Tjtt,4,rate,2,0,45,0
Vbtt,4,rate,2,0,45,0
TTTT,4,rate,2,0,45,0
HTTT,4,rate,2,0,45,0
HHHH,4,rate,2,0,45,0
HVtt,4,rate,2,0,44,0
HTVt,4,rate,2,0,44,0
TZtt,4,rate,2,0,44,0
HHbt,4,rate,2,0,44,0
HHHT,4,rate,2,0,43,0
bbtt,4,rate,2,0,43,0
HTbt,4,rate,2,0,43,0
HHHt,4,rate,2,0,43,0
Vttt,4,rate,2,0,42,0
TVtt,4,rate,2,0,42,0
TTTt,4,rate,2,0,42,0
Hbtt,4,rate,2,0,41,0
HHTt,4,rate,2,0,41,0
Tbtt,4,rate,2,0,40,0
HHtt,4,rate,2,0,40,0
bttt,4,rate,2,0,39,0
HTtt,4,rate,2,0,39,0
Httt,4,rate,2,0,38,0
tttt,4,rate,2,0,37,0
Tttt,4,rate,2,0,37,0
Xeegg,5,rate,2,0,85,0
Xeggm,5,rate,2,0,80,0
Xeegj,5,rate,2,0,80,0
XZeeg,5,rate,2,0,77,0
Xggmm,5,rate,2,0,77,0
Xegjm,5,rate,2,0,76,0
Xeejj,5,rate,2,0,76,0
Xgjmm,5,rate,2,0,73,0
XZegm,5,rate,2,0,73,0
Xejjm,5,rate,2,0,73,0
XZeej,5,rate,2,0,73,0
VXeeg,5,rate,2,0,72,0
XZZee,5,rate,2,0,71,0
Xjjmm,5,rate,2,0,70,0
XZgmm,5,rate,2,0,70,0
XZejm,5,rate,2,0,70,0
Xbeeg,5,rate,2,0,70,0
VXegm,5,rate,2,0,69,0
VXeej,5,rate,2,0,68,0
XZZem,5,rate,2,0,67,0
Xbegm,5,rate,2,0,67,0
Xbeej,5,rate,2,0,67,0
XZjmm,5,rate,2,0,67,0
VXZee,5,rate,2,0,66,0
VXgmm,5,rate,2,0,66,0
VXejm,5,rate,2,0,66,0
TXegg,5,rate,2,0,65,0
Xbgmm,5,rate,2,0,65,0
Xbejm,5,rate,2,0,65,0
HXeeg,5,rate,2,0,64,0
XZZmm,5,rate,2,0,64,0
XZbee,5,rate,2,0,63,0
VXjmm,5,rate,2,0,63,0
TXggm,5,rate,2,0,63,0
VXZem,5,rate,2,0,63,0
TXegj,5,rate,2,0,63,0
Xbjmm,5,rate,2,0,63,0
VVXee,5,rate,2,0,62,0
HXegm,5,rate,2,0,62,0
HXeej,5,rate,2,0,62,0
XZbem,5,rate,2,0,61,0
TXgjm,5,rate,2,0,61,0
TXejj,5,rate,2,0,61,0
VXZmm,5,rate,2,0,60,0
Xbbee,5,rate,2,0,60,0
VXbee,5,rate,2,0,60,0
Xeegt,5,rate,2,0,60,0
VVXem,5,rate,2,0,60,0
HXZee,5,rate,2,0,60,0
HXgmm,5,rate,2,0,60,0
HXejm,5,rate,2,0,59,0
TXZeg,5,rate,2,0,59,0
TXjjm,5,rate,2,0,59,0
XZbmm,5,rate,2,0,59,0
Xbbem,5,rate,2,0,59,0
VXbem,5,rate,2,0,58,0
Xegmt,5,rate,2,0,58,0
Xeejt,5,rate,2,0,58,0
TXZgm,5,rate,2,0,58,0
TXZej,5,rate,2,0,57,0
TXbeg,5,rate,2,0,57,0
VVXmm,5,rate,2,0,57,0
HXjmm,5,rate,2,0,57,0
Xbbmm,5,rate,2,0,57,0
HXZem,5,rate,2,0,57,0
TVXeg,5,rate,2,0,57,0
VXbmm,5,rate,2,0,57,0
HVXee,5,rate,2,0,56,0
TXbgm,5,rate,2,0,56,0
TXbej,5,rate,2,0,56,0
XZeet,5,rate,2,0,56,0
TXZjm,5,rate,2,0,56,0
Xgmmt,5,rate,2,0,56,0
Xejmt,5,rate,2,0,55,0
TVXgm,5,rate,2,0,55,0
TVXej,5,rate,2,0,55,0
HXZmm,5,rate,2,0,55,0
HXbee,5,rate,2,0,55,0
TTXgg,5,rate,2,0,55,0
TXZZe,5,rate,2,0,55,0
TXbjm,5,rate,2,0,55,0
HVXem,5,rate,2,0,54,0
XZemt,5,rate,2,0,54,0
TVXjm,5,rate,2,0,54,0
Xjmmt,5,rate,2,0,54,0
TTXgj,5,rate,2,0,54,0
HXbem,5,rate,2,0,53,0
TXZZm,5,rate,2,0,53,0
VXeet,5,rate,2,0,53,0
HVXmm,5,rate,2,0,52,0
TXZbe,5,rate,2,0,52,0
TVXZe,5,rate,2,0,52,0
TTXjj,5,rate,2,0,52,0
HTXeg,5,rate,2,0,52,0
TXbbe,5,rate,2,0,52,0
HXbmm,5,rate,2,0,52,0
XZmmt,5,rate,2,0,52,0
HHXee,5,rate,2,0,52,0
Xbeet,5,rate,2,0,51,0
TXZbm,5,rate,2,0,51,0
VXemt,5,rate,2,0,51,0
TVXZm,5,rate,2,0,51,0
TXbbm,5,rate,2,0,51,0
HTXgm,5,rate,2,0,51,0
TVXbe,5,rate,2,0,51,0
HTXej,5,rate,2,0,51,0
TVVXe,5,rate,2,0,50,0
TTXZg,5,rate,2,0,50,0
TTXbg,5,rate,2,0,50,0
Xbemt,5,rate,2,0,50,0
HHXem,5,rate,2,0,50,0
TVXbm,5,rate,2,0,49,0
HTXjm,5,rate,2,0,49,0
VXmmt,5,rate,2,0,49,0
TTXbj,5,rate,2,0,49,0
TVVXm,5,rate,2,0,49,0
TTXZj,5,rate,2,0,49,0
TXegt,5,rate,2,0,49,0
TTVXg,5,rate,2,0,49,0
HXeet,5,rate,2,0,49,0
Xbmmt,5,rate,2,0,48,0
HHXmm,5,rate,2,0,48,0
HTXZe,5,rate,2,0,48,0
TTVXj,5,rate,2,0,47,0
TXgmt,5,rate,2,0,47,0
TXejt,5,rate,2,0,47,0
HTXZm,5,rate,2,0,47,0
HXemt,5,rate,2,0,47,0
HTXbe,5,rate,2,0,47,0
HTVXe,5,rate,2,0,46,0
TTXbb,5,rate,2,0,46,0
TTXZZ,5,rate,2,0,46,0
TXjmt,5,rate,2,0,46,0
Xeett,5,rate,2,0,46,0
HTXbm,5,rate,2,0,46,0
TTXZb,5,rate,2,0,46,0
HXmmt,5,rate,2,0,45,0
HTVXm,5,rate,2,0,45,0
TXZet,5,rate,2,0,45,0
HTTXg,5,rate,2,0,45,0
TTVXZ,5,rate,2,0,45,0
TTVXb,5,rate,2,0,44,0
Xemtt,5,rate,2,0,44,0
TXZmt,5,rate,2,0,44,0
HTTXj,5,rate,2,0,44,0
TVXet,5,rate,2,0,44,0
TXbet,5,rate,2,0,44,0
TTVVX,5,rate,2,0,43,0
HHTXe,5,rate,2,0,43,0
Xmmtt,5,rate,2,0,43,0
TXbmt,5,rate,2,0,43,0
Xgggg,5,rate,1,0,43,0
TVXmt,5,rate,2,0,43,0
Xeggg,5,rate,1,0,43,0
Xeeeg,5,rate,1,0,42,0
Xeeee,5,rate,1,0,42,0
HHTXm,5,rate,2,0,42,0
TTXgt,5,rate,2,0,42,0
HTTXZ,5,rate,2,0,42,0
HTTXb,5,rate,2,0,41,0
TTXjt,5,rate,2,0,41,0
HTXet,5,rate,2,0,41,0
HTTVX,5,rate,2,0,40,0
Xgggj,5,rate,1,0,40,0
Xgggm,5,rate,1,0,40,0
Xeggj,5,rate,1,0,40,0
Xeegm,5,rate,1,0,40,0
Xeeej,5,rate,1,0,40,0
Xeeem,5,rate,1,0,40,0
HTXmt,5,rate,2,0,40,0
TTXZt,5,rate,2,0,39,0
XZggg,5,rate,1,0,39,0
XZegg,5,rate,1,0,39,0
TTXbt,5,rate,2,0,39,0
XZeee,5,rate,1,0,38,0
TXett,5,rate,2,0,38,0
Xggjj,5,rate,1,0,38,0
Xggjm,5,rate,1,0,38,0
Xegjj,5,rate,1,0,38,0
Xegmm,5,rate,1,0,38,0
Xeejm,5,rate,1,0,38,0
Xeemm,5,rate,1,0,38,0
TTVXt,5,rate,2,0,38,0
HHTTX,5,rate,2,0,38,0
TXmtt,5,rate,2,0,37,0
XZggj,5,rate,1,0,37,0
XZggm,5,rate,1,0,37,0
Xgjjj,5,rate,1,0,37,0
Xgjjm,5,rate,1,0,37,0
Xgmmm,5,rate,1,0,37,0
XZegj,5,rate,1,0,37,0
Xejjj,5,rate,1,0,37,0
Xejmm,5,rate,1,0,37,0
Xemmm,5,rate,1,0,37,0
XZeem,5,rate,1,0,36,0
VXggg,5,rate,1,0,36,0
VXegg,5,rate,1,0,36,0
VXeee,5,rate,1,0,36,0
XZZgg,5,rate,1,0,36,0
HTTXt,5,rate,2,0,36,0
XZZeg,5,rate,1,0,35,0
Xjjjj,5,rate,1,0,35,0
Xjjjm,5,rate,1,0,35,0
Xjmmm,5,rate,1,0,35,0
Xmmmm,5,rate,1,0,35,0
Xbggg,5,rate,1,0,35,0
XZgjj,5,rate,1,0,35,0
XZgjm,5,rate,1,0,35,0
Xbegg,5,rate,1,0,35,0
XZejj,5,rate,1,0,35,0
XZemm,5,rate,1,0,35,0
Xbeee,5,rate,1,0,35,0
VXggj,5,rate,1,0,34,0
VXggm,5,rate,1,0,34,0
VXegj,5,rate,1,0,34,0
VXeem,5,rate,1,0,34,0
XZZgj,5,rate,1,0,34,0
XZZgm,5,rate,1,0,34,0
TTXtt,5,rate,2,0,34,0
XZZej,5,rate,1,0,34,0
Xbggj,5,rate,1,0,34,0
Xbggm,5,rate,1,0,34,0
Xbegj,5,rate,1,0,34,0
Xbeem,5,rate,1,0,33,0
XZjjj,5,rate,1,0,33,0
XZjjm,5,rate,1,0,33,0
XZmmm,5,rate,1,0,33,0
VXZgg,5,rate,1,0,33,0
VXZeg,5,rate,1,0,33,0
XZZZg,5,rate,1,0,33,0
VXgjj,5,rate,1,0,33,0
VXgjm,5,rate,1,0,33,0
XZZZe,5,rate,1,0,33,0
VXejj,5,rate,1,0,33,0
VXemm,5,rate,1,0,33,0
TXggg,5,rate,1,0,33,0
TXeeg,5,rate,1,0,32,0
TXeee,5,rate,1,0,32,0
Xbgjj,5,rate,1,0,32,0
Xbgjm,5,rate,1,0,32,0
Xbejj,5,rate,1,0,32,0
Xbemm,5,rate,1,0,32,0
HXggg,5,rate,1,0,32,0
HXegg,5,rate,1,0,32,0
HXeee,5,rate,1,0,32,0
XZZjj,5,rate,1,0,32,0
XZZjm,5,rate,1,0,32,0
XZbgg,5,rate,1,0,32,0
XZbeg,5,rate,1,0,32,0
VXZgj,5,rate,1,0,32,0
VXZgm,5,rate,1,0,32,0
VXjjj,5,rate,1,0,32,0
VXjjm,5,rate,1,0,32,0
VXmmm,5,rate,1,0,32,0
TXggj,5,rate,1,0,32,0
VXZej,5,rate,1,0,32,0
TXegm,5,rate,1,0,31,0
TXeej,5,rate,1,0,31,0
TXeem,5,rate,1,0,31,0
Xbjjj,5,rate,1,0,31,0
Xbjjm,5,rate,1,0,31,0
Xbmmm,5,rate,1,0,31,0
XZZZj,5,rate,1,0,31,0
XZZZm,5,rate,1,0,31,0
VVXgg,5,rate,1,0,31,0
VVXeg,5,rate,1,0,31,0
HXggj,5,rate,1,0,31,0
HXggm,5,rate,1,0,31,0
HXegj,5,rate,1,0,31,0
HXeem,5,rate,1,0,31,0
VXZZg,5,rate,1,0,31,0
XZZZZ,5,rate,1,0,31,0
XZbgj,5,rate,1,0,31,0
XZbgm,5,rate,1,0,31,0
VXZZe,5,rate,1,0,31,0
XZbej,5,rate,1,0,31,0
TXgjj,5,rate,1,0,31,0
TXgmm,5,rate,1,0,31,0
TXejm,5,rate,1,0,31,0
TXemm,5,rate,1,0,31,0
Xbbgg,5,rate,1,0,30,0
VXbgg,5,rate,1,0,30,0
VXZjj,5,rate,1,0,30,0
VXZjm,5,rate,1,0,30,0
Xbbeg,5,rate,1,0,30,0
VXbeg,5,rate,1,0,30,0
Xgggt,5,rate,1,0,30,0
Xeggt,5,rate,1,0,30,0
Xeeet,5,rate,1,0,30,0
HXZgg,5,rate,1,0,30,0
HXZeg,5,rate,1,0,30,0
VVXgj,5,rate,1,0,30,0
VVXgm,5,rate,1,0,30,0
VVXej,5,rate,1,0,30,0
HXgjj,5,rate,1,0,30,0
HXgjm,5,rate,1,0,30,0
TXZgg,5,rate,1,0,30,0
HXejj,5,rate,1,0,30,0
HXemm,5,rate,1,0,30,0
TXjjj,5,rate,1,0,30,0
TXjmm,5,rate,1,0,30,0
TXmmm,5,rate,1,0,30,0
TXZee,5,rate,1,0,30,0
XZbjj,5,rate,1,0,30,0
XZbjm,5,rate,1,0,30,0
Xbbgj,5,rate,1,0,29,0
Xbbgm,5,rate,1,0,29,0
Xbbej,5,rate,1,0,29,0
XZZbg,5,rate,1,0,29,0
VXZZj,5,rate,1,0,29,0
VXZZm,5,rate,1,0,29,0
VXbgj,5,rate,1,0,29,0
VXbgm,5,rate,1,0,29,0
XZZbe,5,rate,1,0,29,0
VXbej,5,rate,1,0,29,0
Xggjt,5,rate,1,0,29,0
Xggmt,5,rate,1,0,29,0
Xegjt,5,rate,1,0,29,0
VVXZg,5,rate,1,0,29,0
Xeemt,5,rate,1,0,29,0
VVXZe,5,rate,1,0,29,0
TXZgj,5,rate,1,0,29,0
TXbgg,5,rate,1,0,29,0
TXZem,5,rate,1,0,29,0
VVXjj,5,rate,1,0,29,0
VVXjm,5,rate,1,0,29,0
HXjjj,5,rate,1,0,29,0
HXjjm,5,rate,1,0,29,0
HXmmm,5,rate,1,0,29,0
TXbee,5,rate,1,0,29,0
HXZgj,5,rate,1,0,29,0
HXZgm,5,rate,1,0,29,0
Xbbjj,5,rate,1,0,29,0
Xbbjm,5,rate,1,0,29,0
HXZej,5,rate,1,0,29,0
VXZZZ,5,rate,1,0,29,0
TVXgg,5,rate,1,0,28,0
TVXee,5,rate,1,0,28,0
VXbjj,5,rate,1,0,28,0
VXbjm,5,rate,1,0,28,0
HVXgg,5,rate,1,0,28,0
XZZbj,5,rate,1,0,28,0
XZZbm,5,rate,1,0,28,0
HVXeg,5,rate,1,0,28,0
XZggt,5,rate,1,0,28,0
XZegt,5,rate,1,0,28,0
TXbgj,5,rate,1,0,28,0
TXbem,5,rate,1,0,28,0
VXZbg,5,rate,1,0,28,0
TXZjj,5,rate,1,0,28,0
TXZmm,5,rate,1,0,28,0
VXZbe,5,rate,1,0,28,0
HXZZg,5,rate,1,0,28,0
Xgjjt,5,rate,1,0,28,0
Xgjmt,5,rate,1,0,28,0
HXZZe,5,rate,1,0,28,0
Xejjt,5,rate,1,0,28,0
Xemmt,5,rate,1,0,28,0
VVXZj,5,rate,1,0,28,0
VVXZm,5,rate,1,0,28,0
XZbbg,5,rate,1,0,28,0
TVXgj,5,rate,1,0,28,0
HXbgg,5,rate,1,0,28,0
XZbbe,5,rate,1,0,28,0
TVXem,5,rate,1,0,28,0
HXbeg,5,rate,1,0,28,0
HXZjj,5,rate,1,0,28,0
HXZjm,5,rate,1,0,28,0
TXZZg,5,rate,1,0,27,0
TTXeg,5,rate,1,0,27,0
TTXee,5,rate,1,0,27,0
TXbjj,5,rate,1,0,27,0
TXbmm,5,rate,1,0,27,0
VVVXg,5,rate,1,0,27,0
VVVXe,5,rate,1,0,27,0
HVXgj,5,rate,1,0,27,0
HVXgm,5,rate,1,0,27,0
XZZZb,5,rate,1,0,27,0
HVXej,5,rate,1,0,27,0
Xbbbg,5,rate,1,0,27,0
Xbbbe,5,rate,1,0,27,0
VXZbj,5,rate,1,0,27,0
VXZbm,5,rate,1,0,27,0
XZgjt,5,rate,1,0,27,0
XZgmt,5,rate,1,0,27,0
VVXZZ,5,rate,1,0,27,0
XZejt,5,rate,1,0,27,0
XZbbj,5,rate,1,0,27,0
XZbbm,5,rate,1,0,27,0
TVXjj,5,rate,1,0,27,0
TVXmm,5,rate,1,0,27,0
Xjjjt,5,rate,1,0,27,0
Xjjmt,5,rate,1,0,27,0
Xmmmt,5,rate,1,0,27,0
TTXgm,5,rate,1,0,27,0
TTXej,5,rate,1,0,27,0
TTXem,5,rate,1,0,27,0
HXbgj,5,rate,1,0,27,0
HXbgm,5,rate,1,0,27,0
HXbej,5,rate,1,0,27,0
HXZZj,5,rate,1,0,27,0
HXZZm,5,rate,1,0,27,0
VVXbg,5,rate,1,0,27,0
VVXbe,5,rate,1,0,27,0
VXbbg,5,rate,1,0,27,0
VXbbe,5,rate,1,0,27,0
VXggt,5,rate,1,0,27,0
TXZZj,5,rate,1,0,27,0
VXegt,5,rate,1,0,26,0
Xbbbj,5,rate,1,0,26,0
Xbbbm,5,rate,1,0,26,0
HVXZg,5,rate,1,0,26,0
VVVXj,5,rate,1,0,26,0
VVVXm,5,rate,1,0,26,0
HVXZe,5,rate,1,0,26,0
HVXjj,5,rate,1,0,26,0
HVXjm,5,rate,1,0,26,0
TXZbg,5,rate,1,0,26,0
XZZgt,5,rate,1,0,26,0
TVXZg,5,rate,1,0,26,0
XZZet,5,rate,1,0,26,0
TTXjm,5,rate,1,0,26,0
TTXmm,5,rate,1,0,26,0
HTXgg,5,rate,1,0,26,0
TXbbg,5,rate,1,0,26,0
HTXee,5,rate,1,0,26,0
HXZZZ,5,rate,1,0,26,0
HXbjj,5,rate,1,0,26,0
HXbjm,5,rate,1,0,26,0
VXbbj,5,rate,1,0,26,0
VXbbm,5,rate,1,0,26,0
VXZZb,5,rate,1,0,26,0
XZjjt,5,rate,1,0,26,0
XZjmt,5,rate,1,0,26,0
HHXgg,5,rate,1,0,26,0
VVXbj,5,rate,1,0,26,0
VVXbm,5,rate,1,0,26,0
HHXeg,5,rate,1,0,26,0
Xbggt,5,rate,1,0,26,0
Xbegt,5,rate,1,0,26,0
TXZbj,5,rate,1,0,26,0
HXZbg,5,rate,1,0,26,0
VXgjt,5,rate,1,0,26,0
VXgmt,5,rate,1,0,26,0
HXZbe,5,rate,1,0,26,0
VXejt,5,rate,1,0,25,0
XZZbb,5,rate,1,0,25,0
VVVXZ,5,rate,1,0,25,0
TVXZj,5,rate,1,0,25,0
TXbbj,5,rate,1,0,25,0
TXZZZ,5,rate,1,0,25,0
TVXbg,5,rate,1,0,25,0
HTXgj,5,rate,1,0,25,0
HVXZj,5,rate,1,0,25,0
HVXZm,5,rate,1,0,25,0
HTXem,5,rate,1,0,25,0
TVVXg,5,rate,1,0,25,0
XZZjt,5,rate,1,0,25,0
XZZmt,5,rate,1,0,25,0
HVVXg,5,rate,1,0,25,0
TTXZe,5,rate,1,0,25,0
TTXbe,5,rate,1,0,25,0
HVVXe,5,rate,1,0,25,0
Xbgjt,5,rate,1,0,25,0
Xbgmt,5,rate,1,0,25,0
HHXgj,5,rate,1,0,25,0
HHXgm,5,rate,1,0,25,0
Xbejt,5,rate,1,0,25,0
HHXej,5,rate,1,0,25,0
VXZgt,5,rate,1,0,25,0
Xbbbb,5,rate,1,0,25,0
HXZbj,5,rate,1,0,25,0
HXZbm,5,rate,1,0,25,0
XZbbb,5,rate,1,0,25,0
VXZet,5,rate,1,0,25,0
TVXbj,5,rate,1,0,25,0
VVXZb,5,rate,1,0,25,0
HTXjj,5,rate,1,0,25,0
HTXmm,5,rate,1,0,25,0
VXjjt,5,rate,1,0,25,0
VXjmt,5,rate,1,0,25,0
HVXZZ,5,rate,1,0,25,0
XZZZt,5,rate,1,0,25,0
VXZbb,5,rate,1,0,25,0
HVXbg,5,rate,1,0,25,0
TTXbm,5,rate,1,0,25,0
TVVXj,5,rate,1,0,24,0
HVXbe,5,rate,1,0,24,0
HXbbg,5,rate,1,0,24,0
TTXZm,5,rate,1,0,24,0
HXbbe,5,rate,1,0,24,0
TVXZZ,5,rate,1,0,24,0
HXggt,5,rate,1,0,24,0
TXggt,5,rate,1,0,24,0
HXegt,5,rate,1,0,24,0
TXeet,5,rate,1,0,24,0
VVVVX,5,rate,1,0,24,0
TTVXe,5,rate,1,0,24,0
Xbjjt,5,rate,1,0,24,0
Xbjmt,5,rate,1,0,24,0
TXZZb,5,rate,1,0,24,0
HVVXj,5,rate,1,0,24,0
HVVXm,5,rate,1,0,24,0
HTXZg,5,rate,1,0,24,0
HHXjj,5,rate,1,0,24,0
HHXjm,5,rate,1,0,24,0
HHXZg,5,rate,1,0,24,0
TTTXg,5,rate,1,0,24,0
HHXZe,5,rate,1,0,24,0
TTTXe,5,rate,1,0,24,0
VXbbb,5,rate,1,0,24,0
XZbgt,5,rate,1,0,24,0
XZbet,5,rate,1,0,24,0
TXbbb,5,rate,1,0,24,0
VXZjt,5,rate,1,0,24,0
VXZmt,5,rate,1,0,24,0
HXbbj,5,rate,1,0,24,0
HXbbm,5,rate,1,0,24,0
HXZZb,5,rate,1,0,24,0
HVXbj,5,rate,1,0,24,0
HVXbm,5,rate,1,0,24,0
TXZbb,5,rate,1,0,24,0
VVVXb,5,rate,1,0,24,0
TTVXm,5,rate,1,0,24,0
VVXbb,5,rate,1,0,24,0
TTTXj,5,rate,1,0,24,0
TTTXm,5,rate,1,0,24,0
TXgjt,5,rate,1,0,24,0
TXemt,5,rate,1,0,24,0
VVXgt,5,rate,1,0,24,0
VVXet,5,rate,1,0,24,0
HXgjt,5,rate,1,0,23,0
HXgmt,5,rate,1,0,23,0
HTXZj,5,rate,1,0,23,0
HXejt,5,rate,1,0,23,0
HVVXZ,5,rate,1,0,23,0
TVVXZ,5,rate,1,0,23,0
HTXbg,5,rate,1,0,23,0
TVXZb,5,rate,1,0,23,0
HHXZj,5,rate,1,0,23,0
HHXZm,5,rate,1,0,23,0
VXZZt,5,rate,1,0,23,0
HTVXg,5,rate,1,0,23,0
XZbjt,5,rate,1,0,23,0
XZbmt,5,rate,1,0,23,0
TVXbb,5,rate,1,0,23,0
HHVXg,5,rate,1,0,23,0
TXjjt,5,rate,1,0,23,0
TXmmt,5,rate,1,0,23,0
VXbgt,5,rate,1,0,23,0
HHVXe,5,rate,1,0,23,0
Xggtt,5,rate,1,0,23,0
VXbet,5,rate,1,0,23,0
Xegtt,5,rate,1,0,23,0
Xbbgt,5,rate,1,0,23,0
HTXbj,5,rate,1,0,23,0
HVXZb,5,rate,1,0,23,0
Xbbet,5,rate,1,0,23,0
HXZgt,5,rate,1,0,23,0
VVXjt,5,rate,1,0,23,0
VVXmt,5,rate,1,0,23,0
HXZet,5,rate,1,0,23,0
HXjjt,5,rate,1,0,23,0
HXjmt,5,rate,1,0,23,0
HXZbb,5,rate,1,0,23,0
TXZgt,5,rate,1,0,23,0
HHXbg,5,rate,1,0,23,0
HTVXj,5,rate,1,0,23,0
TVVXb,5,rate,1,0,23,0
HHXZZ,5,rate,1,0,23,0
HHXbe,5,rate,1,0,23,0
TVVVX,5,rate,1,0,23,0
HTXZZ,5,rate,1,0,23,0
XZZbt,5,rate,1,0,22,0
TTTXb,5,rate,1,0,22,0
HTTXe,5,rate,1,0,22,0
HVVVX,5,rate,1,0,22,0
VXbjt,5,rate,1,0,22,0
VXbmt,5,rate,1,0,22,0
HHVXj,5,rate,1,0,22,0
HHVXm,5,rate,1,0,22,0
Xbbjt,5,rate,1,0,22,0
Xbbmt,5,rate,1,0,22,0
HXbbb,5,rate,1,0,22,0
Xgjtt,5,rate,1,0,22,0
Xgmtt,5,rate,1,0,22,0
Xejtt,5,rate,1,0,22,0
VVXZt,5,rate,1,0,22,0
HHXbj,5,rate,1,0,22,0
HHXbm,5,rate,1,0,22,0
TXZjt,5,rate,1,0,22,0
TTTXZ,5,rate,1,0,22,0
HXZjt,5,rate,1,0,22,0
HXZmt,5,rate,1,0,22,0
HVVXb,5,rate,1,0,22,0
HTTXm,5,rate,1,0,22,0
HVXbb,5,rate,1,0,22,0
TVXgt,5,rate,1,0,22,0
TXbgt,5,rate,1,0,22,0
HVXgt,5,rate,1,0,22,0
TTTTX,5,rate,1,0,22,0
HVXet,5,rate,1,0,22,0
HTVXZ,5,rate,1,0,22,0
HTXZb,5,rate,1,0,22,0
XZgtt,5,rate,1,0,22,0
HHVXZ,5,rate,1,0,22,0
XZett,5,rate,1,0,22,0
HHTXg,5,rate,1,0,22,0
VXZbt,5,rate,1,0,22,0
TTTVX,5,rate,1,0,21,0
Xjjtt,5,rate,1,0,21,0
Xjmtt,5,rate,1,0,21,0
HXZZt,5,rate,1,0,21,0
HTXbb,5,rate,1,0,21,0
TXbjt,5,rate,1,0,21,0
HHHXg,5,rate,1,0,21,0
HXbgt,5,rate,1,0,21,0
HXbet,5,rate,1,0,21,0
HHHXe,5,rate,1,0,21,0
XZbbt,5,rate,1,0,21,0
TVXjt,5,rate,1,0,21,0
TXZZt,5,rate,1,0,21,0
HHXZb,5,rate,1,0,21,0
VVVXt,5,rate,1,0,21,0
HVXjt,5,rate,1,0,21,0
HVXmt,5,rate,1,0,21,0
HHTXj,5,rate,1,0,21,0
HTVXb,5,rate,1,0,21,0
HTVVX,5,rate,1,0,21,0
TTXet,5,rate,1,0,21,0
XZjtt,5,rate,1,0,21,0
XZmtt,5,rate,1,0,21,0
HXbjt,5,rate,1,0,21,0
HXbmt,5,rate,1,0,21,0
Xbbbt,5,rate,1,0,21,0
HHVVX,5,rate,1,0,21,0
VVXbt,5,rate,1,0,21,0
HHHXj,5,rate,1,0,21,0
HHHXm,5,rate,1,0,21,0
VXgtt,5,rate,1,0,21,0
VXett,5,rate,1,0,21,0
VXbbt,5,rate,1,0,21,0
TTXmt,5,rate,1,0,21,0
HVXZt,5,rate,1,0,20,0
TVXZt,5,rate,1,0,20,0
HHVXb,5,rate,1,0,20,0
HHXbb,5,rate,1,0,20,0
XZZtt,5,rate,1,0,20,0
TXZbt,5,rate,1,0,20,0
HTXgt,5,rate,1,0,20,0
HHXgt,5,rate,1,0,20,0
HHTXZ,5,rate,1,0,20,0
HHXet,5,rate,1,0,20,0
Xbgtt,5,rate,1,0,20,0
Xbett,5,rate,1,0,20,0
HHHXZ,5,rate,1,0,20,0
HXZbt,5,rate,1,0,20,0
VXjtt,5,rate,1,0,20,0
VXmtt,5,rate,1,0,20,0
HTTTX,5,rate,1,0,20,0
TXbbt,5,rate,1,0,20,0
HTXjt,5,rate,1,0,20,0
TVVXt,5,rate,1,0,20,0
TVXbt,5,rate,1,0,20,0
HVVXt,5,rate,1,0,20,0
Xbjtt,5,rate,1,0,20,0
Xbmtt,5,rate,1,0,20,0
HHXjt,5,rate,1,0,20,0
HHXmt,5,rate,1,0,20,0
HHTXb,5,rate,1,0,20,0
HHTVX,5,rate,1,0,20,0
VXZtt,5,rate,1,0,19,0
HVXbt,5,rate,1,0,19,0
HHHVX,5,rate,1,0,19,0
HXbbt,5,rate,1,0,19,0
TXgtt,5,rate,1,0,19,0
HXgtt,5,rate,1,0,19,0
HXett,5,rate,1,0,19,0
HTXZt,5,rate,1,0,19,0
HHHXb,5,rate,1,0,19,0
HHXZt,5,rate,1,0,19,0
XZbtt,5,rate,1,0,19,0
TXjtt,5,rate,1,0,19,0
TTTXt,5,rate,1,0,19,0
VVXtt,5,rate,1,0,19,0
HXjtt,5,rate,1,0,19,0
HXmtt,5,rate,1,0,19,0
HTXbt,5,rate,1,0,18,0
HTVXt,5,rate,1,0,18,0
HHVXt,5,rate,1,0,18,0
VXbtt,5,rate,1,0,18,0
HHHTX,5,rate,1,0,18,0
Xgttt,5,rate,1,0,18,0
Xettt,5,rate,1,0,18,0
Xbbtt,5,rate,1,0,18,0
HXZtt,5,rate,1,0,18,0
TXZtt,5,rate,1,0,18,0
HHXbt,5,rate,1,0,18,0
HHHHX,5,rate,1,0,18,0
Xjttt,5,rate,1,0,18,0
Xmttt,5,rate,1,0,18,0
TVXtt,5,rate,1,0,17,0
TXbtt,5,rate,1,0,17,0
HVXtt,5,rate,1,0,17,0
HHTXt,5,rate,1,0,17,0
XZttt,5,rate,1,0,17,0
HXbtt,5,rate,1,0,17,0
HHHXt,5,rate,1,0,17,0
VXttt,5,rate,1,0,17,0
HTXtt,5,rate,1,0,16,0
HHXtt,5,rate,1,0,16,0
Xbttt,5,rate,1,0,16,0
TXttt,5,rate,1,0,16,0
HXttt,5,rate,1,0,16,0
Xtttt,5,rate,1,0,15,0
