arxiv,title,journal,doi,year
1008.2461,Search for New Particles in Two-Jet Final States in 7 TeV Proton-Proton Collisions with the ATLAS Detector at the LHC,"Phys.Rev.Lett.105:161801,2010",10.1103/PhysRevLett.105.161801,2010
1103.3864,Search for New Physics in Dijet Mass and Angular Distributions in pp Collisions at sqrt(s) = 7 TeV Measured with the ATLAS Detector,New J. Phys. 13 (2011) 053044,10.1088/1367-2630/13/5/053044,2011
1108.6311,Search for New Physics in the Dijet Mass Distribution using 1 fb^-1 of pp Collision Data at sqrt(s) = 7 TeV collected by the ATLAS Detector,Phys.Lett.B 708 (2012) 37-54,10.1016/j.physletb.2012.01.035,2011
1407.1376,Search for new phenomena in the dijet mass distribution using $p-p$ collision data at $\sqrt{s}=8$ TeV with the ATLAS detector,"Phys. Rev. D 91, 052007 (2015)",10.1103/PhysRevD.91.052007,2014
1512.01530,Search for New Phenomena in Dijet Mass and Angular Distributions from $pp$ Collisions at $\sqrt{s}$ = 13 TeV with the ATLAS Detector,Physics Letters B 754 (2016) 302-322,10.1016/j.physletb.2016.01.032,2015
1703.09127,Search for new phenomena in dijet events using 37 fb$^{-1}$ of $pp$ collision data collected at $\sqrt{s}=$13 TeV with the ATLAS detector,"Phys. Rev. D 96, 052004 (2017)",10.1103/PhysRevD.96.052004,2017
1910.08447,Search for new resonances in mass distributions of jet pairs using 139 fb$^{-1}$ of $pp$ collisions at $\sqrt{s}=13$ TeV with the ATLAS detector,JHEP 03 (2020) 145,10.1007/JHEP03(2020)145,2019
2005.02983,Dijet resonance search with weak supervision using $\sqrt{s}=13$ TeV $pp$ collisions in the ATLAS detector,"Phys. Rev. Lett. 125, 131801 (2020)",10.1103/PhysRevLett.125.131801,2020
1112.3580,Search for production of resonant states in the photon-jet mass distribution using pp collisions at sqrt(s) = 7 TeV collected by the ATLAS detector,Phys. Rev. Lett. 108 (2012) 211802,10.1103/PhysRevLett.108.211802,2011
1309.3230,Search for new phenomena in photon+jet events collected in proton--proton collisions at sqrt(s) = 8 TeV with the ATLAS detector,Phys.Lett.B 728 C (2014) 562-578,10.1016/j.physletb.2013.12.029,2013
1512.05910,Search for new phenomena with photon+jet events in proton-proton collisions at $\sqrt{s} = 13$ TeV with the ATLAS detector,JHEP03(2016)041,10.1007/JHEP03(2016)041,2015
1709.10440,Search for new phenomena in high-mass final states with a photon and a jet from $pp$ collisions at $\sqrt{s}$ = 13 TeV with the ATLAS detector,Eur. Phys. J. C (2018) 102,10.1140/epjc/s10052-018-5553-2,2017
1804.03496,Search for low-mass dijet resonances using trigger-level jets with the ATLAS detector in $pp$ collisions at $\sqrt{s}=13$ TeV,Phys. Rev. Lett. 121 (2018) 081801,10.1103/PhysRevLett.121.081801,2018
2509.01219,Search for electroweak-scale dijet resonances using trigger-level analysis with the ATLAS detector in $132$ fb$^{-1}$ of $pp$ collisions at $\sqrt{s} = 13$ TeV,Phys. Rev. D 112 (2025) 092015,10.1103/15p2-bkg8,2025
2606.03222,Search for electroweak scale dijet resonances in pile-up collisions at $\sqrt{s}=13$ TeV with the ATLAS detector,,,2026
1801.08769,Search for light resonances decaying to boosted quark pairs and produced in association with a photon or a jet in proton-proton collisions at $\sqrt{s}=13$ TeV with the ATLAS detector,Phys. Lett. B 788 (2019) 316,10.1016/j.physletb.2018.09.062,2018
1901.10917,Search for low-mass resonances decaying into two jets and produced in association with a photon using $pp$ collisions at $\sqrt{s} = 13$ TeV with the ATLAS detector,Phys. Lett. B 795 (2019) 56,10.1016/j.physletb.2019.03.067,2019
2403.08547,Search for low-mass resonances decaying into two jets and produced in association with a photon or a jet at $\sqrt{s}=13$ TeV with the ATLAS detector,Phys. Rev. D 110 (2024) 032002,10.1103/PhysRevD.110.032002,2024
1603.08791,Search for resonances in the mass distribution of jet pairs with one or two jets identified as $b$-jets in proton--proton collisions at $\sqrt{s}=13$ TeV with the ATLAS detector,Physics Letters B 759 (2016) 229-246,10.1016/j.physletb.2016.05.064,2016
1805.09299,Search for resonances in the mass distribution of jet pairs with one or two jets identified as $b$-jets in proton-proton collisions at $\sqrt{s}=13$ TeV with the ATLAS detector,"Phys. Rev. D 98, 032016 (2018)",10.1103/PhysRevD.98.032016,2018
2108.09059,Search for heavy particles in the $b$-tagged dijet mass distribution with additional $b$-tagged jets in proton-proton collisions at $\sqrt{s} = 13$ TeV with the ATLAS experiment,Phys. Rev. D 105 (2022) 012001,10.1103/PhysRevD.105.012001,2021
1110.2693,Search for massive colored scalars in four-jet final states in sqrt{s}=7 TeV proton-proton collisions with the ATLAS detector,Eur.Phys.J.C 71 (2011) 1828,10.1140/epjc/s10052-011-1828-6,2011
1210.4826,Search for pair-produced massive coloured scalars in four-jet final states with the ATLAS detector in proton-proton collisions at sqrt(s) = 7 TeV,Eur.Phys.J. C73 (2013) 2263,10.1140/epjc/s10052-012-2263-z,2012
1710.07171,A search for pair-produced resonances in four-jet final states at $\sqrt{s}$ =13 TeV with the ATLAS detector,Eur. Phys. J. C 78 (2018) 250,10.1140/epjc/s10052-018-5693-4,2017
1210.4813,Search for pair production of massive particles decaying into three quarks with the ATLAS detector in sqrt(s) = 7 TeV pp collisions at the LHC,JHEP 1212 (2012) 086,10.1007/JHEP12(2012)086,2012
1804.03568,Search for R-parity-violating supersymmetric particles in multi-jet final states produced in $p$-$p$ collisions at $\sqrt{s} =13$ TeV using the ATLAS detector at the LHC,Phys. Lett. B 785 (2018) 136,10.1016/j.physletb.2018.08.021,2018
2004.01678,Search for Higgs boson decays into a $Z$ boson and a light hadronically decaying resonance using 13 TeV $pp$ collision data from the ATLAS detector,Phys. Rev. Lett. 125 (2020) 221802,10.1103/PhysRevLett.125.221802,2020
2411.16361,Search for Higgs boson decays into a $Z$ boson and a light hadronically decaying resonance in $pp$ collisions at $\sqrt{s}$=13 TeV with the ATLAS detector,Phys. Lett. B 868 (2025) 139671,10.1016/j.physletb.2025.139671,2024
2002.11325,Search for dijet resonances in events with an isolated charged lepton using $\sqrt{s} = 13$ TeV proton-proton collision data collected by the ATLAS detector,JHEP 06 (2020) 151,10.1007/JHEP06(2020)151,2020
2311.03944,Search for Resonant Production of Dark Quarks in the Dijet Final State with the ATLAS Detector,JHEP 02 (2024) 128,10.1007/JHEP02(2024)128,2023
2408.00049,Search for boosted low-mass resonances decaying into hadrons produced in association with a photon in pp collisions at $\sqrt{s}=$13 TeV with the ATLAS detector,JHEP 01 (2025) 099,10.1007/JHEP01(2025)099,2024
1202.1414,Search for the Standard Model Higgs boson in the diphoton decay channel with 4.9 fb-1 of pp collisions at sqrt(s) = 7 TeV with ATLAS,Phys. Rev. Lett. 108 (2012) 111803,10.1103/PhysRevLett.108.111803,2012
1205.0701,Search for a fermiophobic Higgs boson in the diphoton decay channel with the ATLAS detector,Eur. Phys. J. C (2012) 72:2157,10.1140/epjc/s10052-012-2157-0,2012
1407.6583,Search for Scalar Diphoton Resonances in the Mass Range $65-600$ GeV with the ATLAS Detector in $pp$ Collision Data at $\sqrt{s}$ = 8 $TeV$,"Phys. Rev. Lett. 113, 171801 (2014)",10.1103/PhysRevLett.113.171801,2014
1504.05511,Search for high-mass diphoton resonances in $pp$ collisions at $\sqrt{s}=8$ TeV with the ATLAS detector,"Phys. Rev. D 92, 032004 (2015)",10.1103/PhysRevD.92.032004,2015
1606.03833,Search for resonances in diphoton events at $\sqrt{s}$=13 TeV with the ATLAS detector,JHEP 09 (2016) 001,10.1007/JHEP09(2016)001,2016
1707.04147,Search for new phenomena in high-mass diphoton final states using 37 fb$^{-1}$ of proton-proton collisions collected at $\sqrt{s}=13$ TeV with the ATLAS detector,Phys. Lett. B 775 (2017) 105,10.1016/j.physletb.2017.10.039,2017
2102.13405,Search for resonances decaying into photon pairs in 139 fb$^{-1}$ of $pp$ collisions at $\sqrt{s} =$ 13 TeV with the ATLAS detector,Phys. Lett. B 822 (2021) 136651,10.1016/j.physletb.2021.136651,2021
2211.04172,Search for boosted diphoton resonances in the 10 to 70 GeV mass range using 138 fb$^{-1}$ of 13 TeV $pp$ collisions with the ATLAS detector,JHEP07(2023)155,10.1007/JHEP07(2023)155,2022
2407.07546,Search for diphoton resonances in the 66 to 110 GeV mass range using $pp$ collisions at $\sqrt{s}=13$ TeV with the ATLAS detector,JHEP 01 (2025) 053,10.1007/JHEP01(2025)053,2024
1112.2194,Search for extra dimensions using diphoton events in 7 TeV proton-proton collisions with the ATLAS detector,Phys. Lett. B710 (2012) 538-556,10.1016/j.physletb.2012.03.022,2011
1210.8389,Search for Extra Dimensions in diphoton events using proton-proton collisions recorded at sqrt(s) = 7 TeV with the ATLAS detector at the LHC,New J. Phys. 15 (2013) 043007,10.1088/1367-2630/15/4/043007,2012
1808.10515,Search for pairs of highly collimated photon-jets in $pp$ collisions at $\sqrt{s}$ = 13 TeV with the ATLAS detector,"Phys. Rev. D 99, 012008 (2019)",10.1103/PhysRevD.99.012008,2018
2304.10953,Search for an axion-like particle with forward proton scattering in association with photon pairs at ATLAS,JHEP 07 (2023) 234,10.1007/JHEP07(2023)234,2023
1509.05051,Search for new phenomena in events with at least three photons collected in $pp$ collisions at $\sqrt{s}$ = 8 TeV with the ATLAS detector,"Eur. Phys. J. C 76(4) , 1-26 (2016)",10.1140/epjc/s10052-016-4034-8,2015
2312.01942,Search for the decay of the Higgs boson to a $Z$ boson and a light pseudoscalar particle decaying to two photons,Phys. Lett. B 848 (2024) 138536,10.1016/j.physletb.2024.138536,2023
1107.5003,Search for neutral MSSM Higgs bosons decaying to tau^+ tau^- pairs in proton-proton collisions at sqrt(s) = 7 TeV with the ATLAS detector,Phys.Lett.B 705 (2011) 174-192,10.1016/j.physletb.2011.10.001,2011
1210.6604,A search for high-mass resonances decaying to tau+tau- in pp collisions at sqrt(s) = 7 TeV with the ATLAS detector,Phys. Lett. B 719 (2013) 242-260,10.1016/j.physletb.2013.01.040,2012
1211.6956,Search for the neutral Higgs bosons of the Minimal Supersymmetric Standard Model in pp collisions at sqrt(s)=7 TeV with the ATLAS detector,JHEP02 (2013) 095,10.1007/JHEP02(2013)095,2012
1409.6064,Search for neutral Higgs bosons of the minimal supersymmetric standard model in pp collisions at $\sqrt{s}$ = 8 TeV with the ATLAS detector,JHEP11(2014)056,10.1007/JHEP11(2014)056,2014
1502.07177,A search for high-mass resonances decaying to $τ^{+}τ^{-}$ in $pp$ collisions at $\sqrt{s}=8$ TeV with the ATLAS detector,JHEP07(2015)157,10.1007/JHEP07(2015)157,2015
1608.00890,Search for Minimal Supersymmetric Standard Model Higgs bosons $H/A$ and for a $Z^{\prime}$ boson in the $ττ$ final state produced in $pp$ collisions at $\sqrt{s}=13$ TeV with the ATLAS Detector,Eur. Phys. J. C76 (2016) 585,10.1140/epjc/s10052-016-4400-6,2016
1709.07242,Search for additional heavy neutral Higgs and gauge bosons in the ditau final state produced in 36 fb$^{-1}$ of $pp$ collisions at $\sqrt{s}$ = 13 TeV with the ATLAS detector,JHEP 01 (2018) 055,10.1007/JHEP01(2018)055,2017
2002.12223,Search for heavy Higgs bosons decaying into two tau leptons with the ATLAS detector using $pp$ collisions at $\sqrt{s}=13$ TeV,Phys. Rev. Lett. 125 (2020) 051801,10.1103/PhysRevLett.125.051801,2020
2409.20381,Search for a light CP-odd Higgs boson decaying into a pair of $τ$-leptons in proton-proton collisions at $\sqrt{s} = 13$ TeV with the ATLAS detector,JHEP 12 (2024) 126,10.1007/JHEP12(2024)126,2024
2607.28484,Search for Lorentz-boosted di-$τ$ resonances produced in association with top quark pairs in $\sqrt{s}=13$ TeV pp collisions with the ATLAS detector,,,2026
1103.6218,Search for high mass dilepton resonances in pp collisions at sqrt{s}=7 TeV with the ATLAS experiment,Phys.Lett.B 700 (2011) 163-180,10.1016/j.physletb.2011.04.044,2011
1108.1582,Search for dilepton resonances in pp collisions at sqrt(s) = 7 TeV with the ATLAS detector,Phys.Rev.Lett. 107 (2011) 272002,10.1103/PhysRevLett.107.272002,2011
1209.2535,Search for high-mass resonances decaying to dilepton final states in pp collisions at a center-of-mass energy of 7 TeV with the ATLAS detector,JHEP 1211 (2012) 138,10.1007/JHEP11(2012)138,2012
1405.4123,Search for high-mass dilepton resonances in pp collisions at sqrt(s) = 8 TeV with the ATLAS detector,"Phys. Rev. D. 90, 052005 (2014)",10.1103/PhysRevD.90.052005,2014
1607.03669,Search for high-mass new phenomena in the dilepton final state using proton-proton collisions at $\sqrt{s}=13$ TeV with the ATLAS detector,Phys. Lett. B 761 (2016) 372-392,10.1016/j.physletb.2016.08.055,2016
1707.02424,Search for new high-mass phenomena in the dilepton final state using 36 fb$^{-1}$ of proton-proton collision data at $\sqrt{s}$ = 13 TeV with the ATLAS detector,JHEP 10 (2017) 182,10.1007/JHEP10(2017)182,2017
1903.06248,Search for high-mass dilepton resonances using 139 fb$^{-1}$ of $pp$ collision data collected at $\sqrt{s}=$13 TeV with the ATLAS detector,Phys. Lett. B 796 (2019) 68,10.1016/j.physletb.2019.07.016,2019
2105.13847,Search for new phenomena in final states with two leptons and one or no $b$-tagged jets at $\sqrt{s} = 13$ TeV using the ATLAS detector,"Phys. Rev. Lett. 127, 141801 (2021)",10.1103/PhysRevLett.127.141801,2021
2607.28334,Search for high-mass dilepton resonances in $pp$ collisions at $\sqrt{s}=13.6$ TeV combined with 13 TeV results using the ATLAS detector,,,2026
1103.5559,Search for a heavy particle decaying into an electron and a muon with the ATLAS detector in sqrt(s) = 7 TeV pp collisions at the LHC,Phys.Rev.Lett. 106 (2011) 251801,10.1103/PhysRevLett.106.251801,2011
1109.3089,Search for a heavy neutral particle decaying into an electron and a muon using 1 fb^-1 of ATLAS data,Eur.Phys.J.C 71 (2011) 1809,10.1140/epjc/s10052-011-1809-9,2011
1205.0725,Search for lepton flavour violation in the emu continuum with the ATLAS detector in sqrt(s) = 7 TeV pp collisions at the LHC,Eur.Phys.J. C72 (2012) 2040,10.1140/epjc/s10052-012-2040-z,2012
1212.1272,"Search for a heavy narrow resonance decaying to e mu, e tau, or mu tau with the ATLAS detector in sqrt(s) = 7 TeV pp collisions at the LHC",Phys.Lett. B723 (2013) 15-32,10.1016/j.physletb.2013.04.035,2012
1503.04430,"Search for a Heavy Neutral Particle Decaying to $eμ$, $eτ$, or $μτ$ in $pp$ Collisions at $\sqrt{s}=8$ TeV with the ATLAS Detector","Phys. Rev. Lett. 115, 031801 (2015)",10.1103/PhysRevLett.115.031801,2015
1607.08079,Search for new phenomena in different-flavour high-mass dilepton final states in $pp$ collisions at $\sqrt{s}=13$ TeV with the ATLAS detector,Eur. Phys. J. C76 (2016) 541,10.1140/epjc/s10052-016-4385-1,2016
1807.06573,"Search for lepton-flavor violation in different-flavor, high-mass final states in $pp$ collisions at $\sqrt{s}=13$ TeV with the ATLAS detector","Phys. Rev. D 98, 092008 (2018)",10.1103/PhysRevD.98.092008,2018
2307.08567,Search for lepton-flavour violation in high-mass dilepton final states using 139 $\mathrm{fb}^{-1}$ of $pp$ collisions at $\sqrt{s}=13$ TeV with the ATLAS detector,"J. High Energ. Phys. 2023, 82 (2023)",10.1007/JHEP10(2023)082,2023
1505.07645,Search for new light gauge bosons in Higgs boson decays to four-lepton final states in $pp$ collisions at $\sqrt{s}=8$ TeV with the ATLAS detector at the LHC,"Phys. Rev. D 92, 092001 (2015)",10.1103/PhysRevD.92.092001,2015
1802.03388,Search for Higgs boson decays to beyond-the-Standard-Model light bosons in four-lepton events with the ATLAS detector at $\sqrt{s}=13$ TeV,JHEP 06 (2018) 166,10.1007/JHEP06(2018)166,2018
2110.13673,Search for Higgs bosons decaying into new spin-0 or spin-1 particles in four-lepton final states with the ATLAS detector with 139 fb$^{-1}$ of $pp$ collision data at $\sqrt{s}=13$ TeV,JHEP 03 (2022) 041,10.1007/JHEP03(2022)041,2021
2301.09342,Search for a new Z' gauge boson in $4μ$ events with the ATLAS experiment,JHEP 07 (2023) 90,10.1007/JHEP07(2023)090,2023
2401.04742,Search for heavy resonances in final states with four leptons and missing transverse momentum or jets in $pp$ collisions at $\sqrt{s} = 13$ TeV with the ATLAS detector,JHEP 10 (2024) 130,10.1007/JHEP10(2024)130,2024
2402.15212,Search for a new $Z'$ gauge boson via the $pp \rightarrow W^{\pm(*)} \rightarrow Z' μ^{\pm} ν\rightarrow μ^{\pm}μ^{\mp}μ^{\pm}ν$ process in $pp$ collisions at $\sqrt{s}=13$ TeV with the ATLAS detector,Phys. Rev. D 110 (2024) 072008,10.1103/PhysRevD.110.072008,2024
1103.1391,Search for high-mass states with one lepton plus missing transverse momentum in proton-proton collisions at sqrt(s) = 7 TeV with the ATLAS detector,"Phys.Lett.B701:50-69,2011",10.1016/j.physletb.2011.05.043,2011
1108.1316,Search for a heavy gauge boson decaying to a charged lepton and a neutrino in 1 fb-1 of pp collisions at sqrt(s) = 7 TeV using the ATLAS detector,Phys.Lett.B 705 (2011) 28-46,10.1016/j.physletb.2011.09.093,2011
1407.7494,Search for new particles in events with one lepton and missing transverse momentum in $pp$ collisions at $\sqrt{s}$ = 8 TeV with the ATLAS detector,JHEP09 (2014) 037,10.1007/JHEP09(2014)037,2014
1606.03977,Search for new resonances in events with one lepton and missing transverse momentum in $pp$ collisions at $\sqrt{s} = 13$ TeV with the ATLAS detector,Phys. Lett. B 762 (2016) 334,10.1016/j.physletb.2016.09.040,2016
1706.04786,Search for a new heavy gauge boson resonance decaying into a lepton and missing transverse momentum in 36 fb$^{-1}$ of $pp$ collisions at $\sqrt{s} =$ 13 TeV with the ATLAS experiment,Eur. Phys. J. C 78 (2018) 401,10.1140/epjc/s10052-018-5877-y,2017
1906.05609,Search for a heavy charged boson in events with a charged lepton and missing transverse momentum from $pp$ collisions at $\sqrt{s} = 13$ TeV with the ATLAS detector,"Phys. Rev. D 100, 052013 (2019)",10.1103/PhysRevD.100.052013,2019
1408.5774,Search for the lepton flavor violating decay $Z \rightarrow e μ$ in pp collisions at $\sqrt{s}$ = 8 TeV with the ATLAS detector,"Phys. Rev. D 90, 072010 (2014)",10.1103/PhysRevD.90.072010,2014
1804.09568,Search for lepton-flavor-violating decays of the $Z$ boson into a $τ$ lepton and a light lepton with the ATLAS detector,"Phys. Rev. D 98, 092010 (2018)",10.1103/PhysRevD.98.092010,2018
2010.02566,Search for charged-lepton-flavour violation in $Z$-boson decays with the ATLAS detector,Nature Phys. 17(2021) 819,10.1038/s41567-021-01225-z,2020
2105.12491,Search for lepton-flavor-violation in $Z$-boson decays with $τ$-leptons with the ATLAS detector,Phys. Rev. Lett. 127 (2021) 271801,10.1103/PhysRevLett.127.271801,2021
2204.10783,Search for the charged-lepton-flavor-violating decay $Z\rightarrow eμ$ in $pp$ collisions at $\sqrt{s}=13$ TeV with the ATLAS detector,Phys. Rev. D 108 (2023) 032015,10.1103/PhysRevD.108.032015,2022
1901.08144,Search for scalar resonances decaying into $μ^{+}μ^{-}$ in events with and without $b$-tagged jets produced in proton-proton collisions at $\sqrt{s}=13$ TeV with the ATLAS detector,JHEP 07 (2019) 117,10.1007/JHEP07(2019)117,2019
2304.14247,Search for a new pseudoscalar decaying into a pair of muons in events with a top-quark pair at $\sqrt{s} = 13$ TeV with the ATLAS detector,Phys. Rev. D 108 (2023) 092007,10.1103/PhysRevD.108.092007,2023
2601.21361,Search for dimuon resonance in the 35 to 75 GeV mass range using 140 fb$^{-1}$ of 13 TeV $pp$ collisions with the ATLAS detector,JHEP 06 (2026) 165,10.1007/JHEP06(2026)165,2026
1503.03290,"Search for supersymmetry in events containing a same-flavour opposite-sign dilepton pair, jets, and large missing transverse momentum in $\sqrt{s}=8$ TeV $pp$ collisions with the ATLAS detector",Eur. Phys. J. C 75 (2015) 318,10.1140/epjc/s10052-015-3518-2,2015
1611.05791,"Search for new phenomena in events containing a same-flavour opposite-sign dilepton pair, jets, and large missing transverse momentum in $\sqrt{s}=13$ TeV pp collisions with the ATLAS detector",Eur. Phys. J C 77 (2017) 144,10.1140/epjc/s10052-017-4700-5,2016
1805.11381,Search for new phenomena using the invariant mass distribution of same-flavour opposite-sign dilepton pairs in events with missing transverse momentum in $\sqrt{s}=13$ TeV $pp$ collisions with the ATLAS detector,Eur. Phys. J. C 78 (2018) 625,10.1140/epjc/s10052-018-6081-9,2018
1111.0080,Search for strong gravity signatures in same-sign dimuon final states using the ATLAS detector at the LHC,Phys. Lett. B 709 (2012) 322-340,10.1016/j.physletb.2012.02.049,2011
1308.4075,Search for microscopic black holes in a like-sign dimuon final state using large track multiplicity with the ATLAS detector,Phys. Rev. D 88 (2013) 072001,10.1103/PhysRevD.88.072001,2013
2305.02005,Search for pairs of muons with small displacements in $pp$ collisions at $\sqrt{s} = 13$ TeV with the ATLAS detector,Phys. Lett. B 846 (2023) 138172,10.1016/j.physletb.2023.138172,2023
2407.09168,Search for light neutral particles decaying promptly into collimated pairs of electrons or muons in $pp$ collisions at $\sqrt{s}$ = 13 TeV with the ATLAS detector,Eur. Phys. J. C 85 (2025) 335,10.1140/epjc/s10052-025-13916-5,2024
1801.06992,Search for High-Mass Resonances Decaying to $τν$ in $pp$ Collisions at $\sqrt{s}$ = 13 TeV with the ATLAS Detector,"Phys. Rev. Lett. 120, 161802 (2018)",10.1103/PhysRevLett.120.161802,2018
2402.16576,Search for high-mass resonances in final states with a $τ$-lepton and missing transverse momentum with the ATLAS detector,Phys. Rev. D 109 (2024) 112008,10.1103/PhysRevD.109.112008,2024
2011.10543,Search for trilepton resonances from chargino and neutralino pair production in $\sqrt{s}$ = 13 TeV $pp$ collisions with the ATLAS detector,"Phys. Rev. D 103, 112003 (2021)",10.1103/PhysRevD.103.112003,2020
2305.10894,Search for periodic signals in the dielectron and diphoton invariant mass spectra using 139 fb$^{-1}$ of $pp$ collisions at $\sqrt{s} =$ 13 TeV with the ATLAS detector,JHEP 10 (2023) 079,10.1007/JHEP10(2023)079,2023
2603.18099,A search for lepton-flavour violating $τ\to 3μ$ decays with the ATLAS detector,Phys. Lett. B 880 (2026) 140748,10.1016/j.physletb.2026.140748,2026
1108.5064,Search for a heavy Standard Model Higgs boson in the channel H-&gt;ZZ-&gt;llqq using the ATLAS detector,Phys.Lett.B 707 (2012) 27-45,10.1016/j.physletb.2011.11.056,2011
1203.0718,Search for new particles decaying to ZZ using final states with leptons and jets with the ATLAS detector in sqrt(s) = 7 Tev proton-proton collisions,Phys. Lett. B712 (2012) 331-350,10.1016/j.physletb.2012.05.020,2012
1409.6190,Search for resonant diboson production in the $\ell\ell q\bar{q}$ final state in pp collisions at $\sqrt{s} = 8$ TeV with the ATLAS detector,Eur. Phys. J. C (2015) 75:69,10.1140/epjc/s10052-015-3261-8,2014
1708.09638,Searches for heavy $ZZ$ and $ZW$ resonances in the $\ell\ell qq$ and $ννqq$ final states in $pp$ collisions at $\sqrt{s}=13$ TeV with the ATLAS detector,JHEP 03 (2018) 009,10.1007/JHEP03(2018)009,2017
1712.06386,Search for heavy $ZZ$ resonances in the $\ell^+\ell^-\ell^+\ell^-$ and $\ell^+\ell^-ν\barν$ final states using proton proton collisions at $\sqrt{s}= 13$ TeV with the ATLAS detector,Eur. Phys. J. C 78 (2018) 293,10.1140/epjc/s10052-018-5686-3,2017
2009.14791,Search for heavy resonances decaying into a pair of $Z$ bosons in the $\ell^+\ell^-\ell'^+\ell'^-$ and $\ell^+\ell^-ν\barν$ final states using 139 fb$^{-1}$ of proton-proton collisions at $\sqrt{s} = 13$ TeV with the ATLAS detector,Eur. Phys. J. C 81 (2021) 332,10.1140/epjc/s10052-021-09013-y,2020
1204.1648,Search for resonant WZ production in the WZ to l nu l' l' channel in sqrt(s) = 7 TeV pp collisions with the ATLAS detector,Phys.Rev. D85 (2012) 112012,10.1103/PhysRevD.85.112012,2012
1406.4456,Search for WZ resonances in the fully leptonic channel using pp collisions at sqrt(s) = 8 TeV with the ATLAS detector,Phys. Lett. B 737 (2014) 223,10.1016/j.physletb.2014.08.039,2014
1806.01532,Search for resonant $WZ$ production in the fully leptonic final state in proton-proton collisions at $\sqrt{s} = 13$ TeV with the ATLAS detector,Phys. Lett. B 787 (2018) 68,10.1016/j.physletb.2018.10.021,2018
2207.03925,Search for resonant $WZ \rightarrow \ellν\ell^{\prime}\ell^{\prime}$ production in proton$-$proton collisions at $\mathbf{\sqrt{s} = 13}$ TeV with the ATLAS detector,Eur. Phys. J. C 83 (2023) 663,10.1140/epjc/s10052-023-11437-7,2022
1305.0125,Search for resonant diboson production in the lvjj decay channels with the ATLAS detector at 7 TeV,"Phys. Rev. D 87, 112006 (2013)",10.1103/PhysRevD.87.112006,2013
1503.04677,"Search for production of $WW/WZ$ resonances decaying to a lepton, neutrino and jets in $pp$ collisions at $\sqrt{s}$ = 8 TeV with the ATLAS detector",Eur. Phys. J. C (2015) 75:209,10.1140/epjc/s10052-015-3425-6,2015
1710.07235,Search for $WW/WZ$ resonance production in $\ell νqq$ final states in $pp$ collisions at $\sqrt{s} =$ 13 TeV with the ATLAS detector,JHEP 03 (2018) 042,10.1007/JHEP03(2018)042,2017
2004.14636,Search for heavy diboson resonances in semileptonic final states in $pp$ collisions at $\sqrt{s}=13$ TeV with the ATLAS detector,Eur. Phys. J. C 80 (2020) 1165,10.1140/epjc/s10052-020-08554-y,2020
1205.6744,Search for a Standard Model Higgs boson in the H -&gt; ZZ -&gt; llnunu decay channel using 4.7 fb-1 of sqrt(s) = 7 TeV data with the ATLAS detector,Phys. Lett. B 717 (2012) 29-48,10.1016/j.physletb.2012.09.016,2012
1206.2443,Search for a Standard Model Higgs boson in the mass range 200-600 GeV in the H-&gt;ZZ-&gt;llqq decay channel,Phys.Lett. B 717 (2012) 70-88,10.1016/j.physletb.2012.09.020,2012
1507.05930,"Search for an additional, heavy Higgs boson in the $H\rightarrow ZZ$ decay channel at $\sqrt{s}$ = 8 TeV in $pp$ collision data with the ATLAS detector",Eur. Phys. J. C76 (2016) 45,10.1140/epjc/s10052-015-3820-z,2015
1509.00389,Search for a high-mass Higgs boson decaying to a $W$ boson pair in $pp$ collisions at $\sqrt{s} = 8$ TeV with the ATLAS detector,JHEP 01 (2016) 032,10.1007/JHEP01(2016)032,2015
1506.00962,Search for high-mass diboson resonances with boson-tagged jets in proton-proton collisions at $\sqrt{s}$ = 8 TeV with the ATLAS detector,JHEP 12 (2015) 55,10.1007/JHEP12(2015)055,2015
1708.04445,Search for diboson resonances with boson-tagged jets in $pp$ collisions at $\sqrt{s}=13$ TeV with the ATLAS detector,Phys. Lett. B 777 (2017) 91,10.1016/j.physletb.2017.12.011,2017
1906.08589,Search for diboson resonances in hadronic final states in 139 fb$^{-1}$ of $pp$ collisions at $\sqrt{s} = 13$ TeV with the ATLAS detector,JHEP 09 (2019) 091,10.1007/JHEP09(2019)091,2019
1606.04833,Searches for heavy diboson resonances in $pp$ collisions at $\sqrt{s}=13$ TeV with the ATLAS detector,JHEP 09 (2016) 173,10.1007/JHEP09(2016)173,2016
1710.01123,Search for heavy resonances decaying into $WW$ in the $eνμν$ final state in $pp$ collisions at $\sqrt{s}=13$ TeV with the ATLAS detector,Eur. Phys. J. C 78 (2018) 24,10.1140/epjc/s10052-017-5491-4,2017
1610.05088,Search for triboson $W^{\pm}W^{\pm}W^{\mp}$ production in $pp$ collisions at $\sqrt{s}=8$ TeV with the ATLAS detector,Eur. Phys. J. C 77 (2017) 141,10.1140/epjc/s10052-017-4692-1,2016
1503.08089,Search for a new resonance decaying to a $W$ or $Z$ boson and a Higgs boson in the $\ell \ell/ \ell ν/ νν+ b \bar{b}$ final states with the ATLAS Detector,Eur. Phys. J. C (2015) 75: 263,10.1140/epjc/s10052-015-3474-x,2015
1607.05621,"Search for new resonances decaying to a $W$ or $Z$ boson and a Higgs boson in the $\ell^+ \ell^- b\bar b$, $\ell νb\bar b$, and $ν\barν b\bar b$ channels with $pp$ collisions at $\sqrt s = 13$ TeV with the ATLAS detector",Physics Letters B 765(2017) 32-52,10.1016/j.physletb.2016.11.045,2016
1707.06958,Search for heavy resonances decaying to a $W$ or $Z$ boson and a Higgs boson in the $q\bar{q}^{(\prime)}b\bar{b}$ final state in $pp$ collisions at $\sqrt{s} = 13$ TeV with the ATLAS detector,Phys. Lett. B 774 (2017) 494,10.1016/j.physletb.2017.09.066,2017
1712.06518,Search for heavy resonances decaying into a $W$ or $Z$ boson and a Higgs boson in final states with leptons and $b$-jets in 36 fb$^{-1}$ of $\sqrt s = 13$ TeV $pp$ collisions with the ATLAS detector,JHEP 03 (2018) 174,10.1007/JHEP03(2018)174,2017
2207.00230,Search for heavy resonances decaying into a $Z$ or $W$ boson and a Higgs boson in final states with leptons and $b$-jets in $139~$fb$^{-1}$ of $pp$ collisions at $\sqrt{s}=13~$TeV with the ATLAS detector,JHEP 06 (2023) 016,10.1007/JHEP06(2023)016,2022
1607.06363,Search for heavy resonances decaying to a $Z$ boson and a photon in $pp$ collisions at $\sqrt{s}=13$ TeV with the ATLAS detector,Phys. Lett. B 764 (2017) 11,10.1016/j.physletb.2016.11.005,2016
1708.00212,Searches for the $Zγ$ decay mode of the Higgs boson and for new high-mass resonances in $pp$ collisions at $\sqrt{s} = 13$ TeV with the ATLAS detector,JHEP 10 (2017) 112,10.1007/JHEP10(2017)112,2017
2309.04364,Search for the $Zγ$ decay mode of new high-mass resonances in $pp$ collisions at $\sqrt{s}=13$ TeV with the ATLAS detector,Phys. Lett. B 848 (2024) 138394,10.1016/j.physletb.2023.138394,2023
1407.8150,Search for new resonances in $Wγ$ and $Zγ$ Final States in $pp$ Collisions at $\sqrt{s}=8$ TeV with the ATLAS Detector,Phys.Lett. B738 (2014) 428-447,10.1016/j.physletb.2014.10.002,2014
1805.01908,Search for heavy resonances decaying to a photon and a hadronically decaying $Z/W/H$ boson in $pp$ collisions at $\sqrt{s}=13$ $\mathrm{TeV}$ with the ATLAS detector,Phys. Rev. D 98 (2018) 032015,10.1103/PhysRevD.98.032015,2018
2304.11962,Search for high-mass $Wγ$ and $Zγ$ resonances using hadronic W/Z boson decays from 139 fb$^{-1}$ of $pp$ collisions at $\sqrt{s}=$ 13 TeV with the ATLAS detector,JHEP07(2023)125,10.1007/JHEP07(2023)125,2023
1402.3051,Search for Higgs boson decays to a photon and a Z boson in pp collisions at sqrt(s)=7 and 8 TeV with the ATLAS detector,Phys. Lett. B 732C (2014) 8-27,10.1016/j.physletb.2014.03.015,2014
2507.12598,Search for the Higgs boson decay to a $Z$ boson and a photon in $pp$ collisions at $\sqrt{s}=13$ TeV and $13.6$ TeV with the ATLAS detector,Phys. Lett. B 876 (2026) 140313,10.1016/j.physletb.2026.140313,2025
2007.05293,Search for resonances decaying into a weak vector boson and a Higgs boson in the fully hadronic final state produced in proton$-$proton collisions at $\sqrt{s} = 13$ TeV with the ATLAS detector,"Phys. Rev. D 102, 112008 (2020)",10.1103/PhysRevD.102.112008,2020
2008.05928,Search for heavy resonances decaying into a photon and a hadronically decaying Higgs boson in $pp$ collisions at $\sqrt{s}=13$ TeV with the ATLAS detector,"Phys. Rev. Lett. 125, 251802 (2020)",10.1103/PhysRevLett.125.251802,2020
2209.15345,A search for new resonances in multiple final states with a high transverse momentum $Z$ boson in $\sqrt{s}=13$ TeV $pp$ collisions with the ATLAS detector,JHEP 06 (2023) 036,10.1007/JHEP06(2023)036,2022
1205.5371,A search for ttbar resonances with the ATLAS detector in 2.05 fb^-1 of proton-proton collisions at sqrt(s) = 7 TeV,Eur.Phys.J. C72 (2012) 2083,10.1140/epjc/s10052-012-2083-1,2012
1207.2409,A search for ttbar resonances in lepton+jets events with highly boosted top quarks collected in pp collisions at sqrt(s) = 7 TeV with the ATLAS detector,JHEP 1209 (2012) 041,10.1007/JHEP09(2012)041,2012
1211.2202,Search for resonances decaying into top-quark pairs using fully hadronic decays in pp collisions with ATLAS at sqrt(s) = 7 TeV,JHEP 1301 (2013) 116,10.1007/JHEP01(2013)116,2012
1305.2756,A search for ttbar resonances in the lepton plus jets final state with ATLAS using 4.7 fb^-1 of pp collisions at sqrt(s) = 7 TeV,,10.1103/PhysRevD.88.012004,2013
1505.07018,A search for $t\bar{t}$ resonances using lepton-plus-jets events in proton-proton collisions at $\sqrt{s} = 8$ TeV with the ATLAS detector,JHEP08 (2015) 148,10.1007/JHEP08(2015)148,2015
1707.06025,Search for heavy Higgs bosons $A/H$ decaying to a top quark pair in $pp$ collisions at $\sqrt{s} = 8$ TeV with the ATLAS detector,"Phys. Rev. Lett. 119, 191803 (2017)",10.1103/PhysRevLett.119.191803,2017
1804.10823,Search for heavy particles decaying into top-quark pairs using lepton-plus-jets events in proton-proton collisions at $\sqrt{s} = 13$ TeV with the ATLAS detector,Eur. Phys. J. C 78 (2018) 565,10.1140/epjc/s10052-018-5995-6,2018
1902.10077,Search for heavy particles decaying into a top-quark pair in the fully hadronic final state in $pp$ collisions at $\sqrt{s} =13$ TeV with the ATLAS detector,"Phys. Rev. D 99, 092004 (2019)",10.1103/PhysRevD.99.092004,2019
2005.05138,Search for $t\bar{t}$ resonances in fully hadronic final states in $pp$ collisions at $\sqrt{s}=13$ TeV with the ATLAS detector,JHEP 10 (2020) 61,10.1007/JHEP10(2020)061,2020
2404.18986,Search for heavy neutral Higgs bosons decaying into a top quark pair in 140 fb$^{-1}$ of proton-proton collision data at $\sqrt{s}=13$ TeV with the ATLAS detector,JHEP 08 (2024) 013,10.1007/JHEP08(2024)013,2024
2512.17856,Search for ttbar resonances in final states with exactly one or two leptons using 140 fb$^{-1}$ of pp collision data at $\sqrt{s}=13$ TeV with the ATLAS experiment,,,2025
1503.05425,"Search for vector-like $B$ quarks in events with one isolated lepton, missing transverse momentum and jets at $\sqrt{s}=$ 8 TeV with the ATLAS detector","Phys. Rev. D 91, 112011 (2015)",10.1103/PhysRevD.91.112011,2015
1602.05606,Search for single production of vector-like quarks decaying into $Wb$ in $pp$ collisions at $\sqrt{s} =$ 8 TeV with the ATLAS detector,,10.1140/epjc/s10052-016-4281-8,2016
1602.06034,Search for single production of a vector-like quark via a heavy gluon in the $4b$ final state with the ATLAS detector in $pp$ collisions at $\sqrt{s} = 8$ TeV,Phys. Lett. B758 (2016) 249,10.1016/j.physletb.2016.04.061,2016
1812.07343,Search for single production of vector-like quarks decaying into $Wb$ in $pp$ collisions at $\sqrt{s} = 13$ TeV with the ATLAS detector,JHEP 05 (2019) 164,10.1007/JHEP05(2019)164,2018
2201.07045,Search for single production of a vector-like $T$ quark decaying into a Higgs boson and top quark with fully hadronic final states using the ATLAS detector,Phys. Rev. D 105 (2022) 092012,10.1103/PhysRevD.105.092012,2022
2305.03401,Search for single production of vector-like $T$ quarks decaying into $Ht$ or $Zt$ in $pp$ collisions at $\sqrt{s}=13$ TeV with the ATLAS detector,JHEP 08 (2023) 153,10.1007/JHEP08(2023)153,2023
2308.02595,Search for single vector-like $B$ quark production and decay via $B\rightarrow bH(b\bar{b})$ in $pp$ collisions at $\sqrt{s} = 13$ TeV with the ATLAS detector,"J. High Energ. Phys. 2023, 168 (2023)",10.1007/JHEP11(2023)168,2023
2409.20273,Search for single-production of vector-like quarks decaying into $Wb$ in the fully hadronic final state in $pp$ collisions at $\sqrt{s} = 13$ TeV with the ATLAS detector,JHEP 02 (2025) 075,10.1007/JHEP02(2025)075,2024
2506.15515,Search for single production of vector-like quarks decaying into $W(\ellν)b$ in $pp$ collisions at $\sqrt{s} = 13$ TeV with the ATLAS detector,JHEP 12 (2025) 012,10.1007/JHEP12(2025)012,2025
2605.28538,Search for pair-produced vector-like $T$-quarks decaying into $Ht$ final states in the lepton-plus-jets channel in $pp$ collisions at $\sqrt{s}$=13 TeV with the ATLAS detector,,,2026
2607.28381,Search for pair-production of vector-like $T$ quarks decaying into a top quark and a spin-0 particle in the diphoton final state in proton proton collisions at $\sqrt{s}=13$ TeV with the ATLAS detector,,,2026
1205.1016,Search for tb resonances in proton-proton collisions at sqrt(s) = 7 TeV with the ATLAS detector,Phys.Rev.Lett. 109 (2012) 081801,10.1103/PhysRevLett.109.081801,2012
1408.0886,Search for $W' \rightarrow tb \rightarrow qqbb$ Decays in pp Collisions at $\sqrt{s}$ = 8 TeV with the ATLAS Detector,Eur. Phys. J. C (2015) 75:165,10.1140/epjc/s10052-015-3372-2,2014
1410.4103,Search for $W' \to t\bar{b}$ in the lepton plus jets final state in proton-proton collisions at a centre-of-mass energy of $\sqrt{s}$ = 8 TeV with the ATLAS detector,Physics Letters B 743 (2015) 235-255,10.1016/j.physletb.2015.02.051,2014
1512.03704,Search for charged Higgs bosons in the $H^{\pm} \rightarrow tb$ decay channel in $pp$ collisions at $\sqrt{s} = 8$ TeV using the ATLAS detector,JHEP03(2016)127,10.1007/JHEP03(2016)127,2015
1801.07893,Search for $W' \rightarrow tb$ decays in the hadronic final state using pp collisions at $\sqrt{s}=13$ TeV with the ATLAS detector,Phys. Lett. B 781 (2018) 327,10.1016/j.physletb.2018.03.036,2018
1807.10473,Search for vector-boson resonances decaying to a top quark and bottom quark in the lepton plus jets final state in $pp$ collisions at $\sqrt{s}$ = 13 TeV with the ATLAS detector,Phys. Lett. B 788 (2019) 347,10.1016/j.physletb.2018.11.032,2018
1808.03599,Search for charged Higgs bosons decaying into top and bottom quarks at $\sqrt{s}$ = 13 TeV with the ATLAS detector,JHEP 11 (2018) 085,10.1007/JHEP11(2018)085,2018
2102.10076,Search for charged Higgs bosons decaying into a top quark and a bottom quark at $\sqrt{s}$=13 TeV with the ATLAS detector,JHEP 06 (2021) 145,10.1007/JHEP06(2021)145,2021
2308.08521,Search for vector-boson resonances decaying into a top quark and a bottom quark using $pp$ collisions at $\sqrt{s} = 13$ TeV with the ATLAS detector,JHEP 12 (2023) 073,10.1007/JHEP12(2023)073,2023
1112.5755,Search for heavy vector-like quarks coupling to light quarks in proton-proton collisions at sqrt(s) = 7 TeV with the ATLAS detector,Phys. Lett. B712 (2012) 22-39,10.1016/j.physletb.2012.03.082,2011
1202.3076,Search for pair production of a heavy up-type quark decaying to a W boson and a b quark in the lepton+jets channel with the ATLAS detector,Phys.Rev.Lett. 108 (2012) 261802,10.1103/PhysRevLett.108.261802,2012
1202.3389,Search for pair-produced heavy quarks decaying to Wq in the two-lepton channel at sqrt(s) = 7 TeV with the ATLAS detector,Phys.Rev. D86 (2012) 012007,10.1103/PhysRevD.86.012007,2012
1202.6540,Search for down-type fourth generation quarks with the ATLAS detector in events with one lepton and hadronically decaying W bosons,Phys.Rev.Lett. 109 (2012) 032001,10.1103/PhysRevLett.109.032001,2012
1204.1265,Search for pair production of a new quark that decays to a Z boson and a bottom quark with the ATLAS detector,Phys.Rev.Lett. 109 (2012) 071801,10.1103/PhysRevLett.109.071801,2012
1209.4186,Search for a heavy top-quark partner in final states with two leptons with the ATLAS detector at the LHC,JHEP 1211 (2012) 094,10.1007/JHEP11(2012)094,2012
1210.5468,Search for pair production of heavy top-like quarks decaying to a high-pT W boson and a b quark in the lepton plus jets final state at sqrt(s)=7 TeV with the ATLAS detector,Phys. Lett. B 718 (2013)1284-1302,10.1016/j.physletb.2012.11.071,2012
1509.04261,Search for pair production of a new heavy quark that decays into a $W$ boson and a light quark in $pp$ collisions at $\sqrt{s} = 8$ TeV with the ATLAS detector,"Phys. Rev. D 92, 112007 (2015)",10.1103/PhysRevD.92.112007,2015
1301.1583,Search for single b*-quark production with the ATLAS detector at sqrt(s)=7 TeV,Phys. Lett. B 721 (2013) 171-189,10.1016/j.physletb.2013.03.016,2013
1510.02664,Search for the production of single vector-like and excited quarks in the $Wt$ final state in $pp$ collisions at $\sqrt{s}$ = 8 TeV with the ATLAS detector,JHEP02(2016)110,10.1007/JHEP02(2016)110,2015
1209.6593,Search for resonant top plus jet production in ttbar + jets events with the ATLAS detector in pp collisions at sqrt(s) = 7 TeV,"Phys. Rev. D 86, 091103 (2012)",10.1103/PhysRevD.86.091103,2012
2304.01678,Search for top-philic heavy resonances in $pp$ collisions at $\sqrt{s}=13$ TeV with the ATLAS detector,Eur. Phys. J. C 84 (2024) 157,10.1140/epjc/s10052-023-12318-9,2023
2405.20061,Search for dark mesons decaying to top and bottom quarks in proton-proton collisions at $\sqrt{s}=13$ TeV with the ATLAS detector,JHEP 09 (2024) 005,10.1007/JHEP09(2024)005,2024
1505.01609,Search for Higgs bosons decaying to $aa$ in the $μμττ$ final state in $pp$ collisions at $\sqrt{s} = $ 8 TeV with the ATLAS experiment,,,2015
1606.08391,Search for the Higgs boson produced in association with a $W$ boson and decaying to four $b$-quarks via two spin-zero particles in $pp$ collisions at 13 TeV with the ATLAS detector,Eur. Phys. J. C 76 (2016) 605,10.1140/epjc/s10052-016-4418-9,2016
1803.11145,Search for Higgs boson decays into pairs of light (pseudo)scalar particles in the $γγjj$ final state in $pp$ collisions at $\sqrt{s}=13$ TeV with the ATLAS detector,Phys. Lett. B 782 (2018) 750,10.1016/j.physletb.2018.06.011,2018
1807.00539,Search for Higgs boson decays into a pair of light bosons in the $bbμμ$ final state in $pp$ collision at $\sqrt{s} = $13 TeV with the ATLAS detector,Phys. Lett. B 790 (2019) 1,10.1016/j.physletb.2018.10.073,2018
2005.12236,Search for Higgs boson decays into two new low-mass spin-0 particles in the 4$b$ channel with the ATLAS detector using $pp$ collisions at $\sqrt{s}= 13$ TeV,"Phys. Rev. D 102, 112006 (2020)",10.1103/PhysRevD.102.112006,2020
2110.00313,Search for Higgs boson decays into a pair of pseudoscalar particles in the $bbμμ$ final state with the ATLAS detector in $pp$ collisions at $\sqrt{s}=13$ TeV,Phys. Rev. D 105 (2022) 012006,10.1103/PhysRevD.105.012006,2021
2312.03306,Search for short- and long-lived axion-like particles in $H\rightarrow a a \rightarrow 4γ$ decays with the ATLAS experiment at the LHC,Eur. Phys. J. C 84 (2024) 742,10.1140/epjc/s10052-024-12979-0,2023
2407.01335,Search for decays of the Higgs boson into a pair of pseudoscalar particles decaying into $b\bar{b}τ^+τ^-$ using $pp$ collisions at $\sqrt{s}=13$ TeV with the ATLAS detector,Phys. Rev. D 110 (2024) 052013,10.1103/PhysRevD.110.052013,2024
2412.14046,Search for Higgs boson decays into a pair of pseudoscalar particles in the $γγτ_{\text{had}}τ_{\text{had}}$ final state using $pp$ collisions at $\sqrt{s}=13$ TeV with the ATLAS detector,JHEP 03 (2025) 190,10.1007/JHEP03(2025)190,2024
2503.05463,Search for Higgs boson exotic decays into Lorentz-boosted light bosons in the four-$τ$ final state at $\sqrt{s}=13$ TeV with the ATLAS detector,Phys. Lett. B 870 (2025) 139843,10.1016/j.physletb.2025.139843,2025
2507.01165,"Search for decays of the Higgs boson into scalar particles decaying into four or six $b$-quarks using $pp$ collisions at $\sqrt{s}= 13\,\mathrm{TeV}$ with the ATLAS detector",Phys. Rev. D 112 (2025) 072005,10.1103/mzld-ldlt,2025
2603.08323,Search for decays of the Higgs boson into pair-produced pseudoscalar particles decaying into $τ^+τ^-τ^+τ^-$ using $pp$ collisions at $\sqrt{s}=13$ TeV with the ATLAS detector,New J. Phys. 28 (2026) 063801,10.1088/1367-2630/ae78f7,2026
1506.00285,Search for Higgs boson pair production in the $b\bar{b} b\bar{b}$ final state from $pp$ collisions at $\sqrt{s} = 8$ TeV with the ATLAS detector,Eur. Phys. J. C (2015) 75:412,10.1140/epjc/s10052-015-3628-x,2015
1509.04670,"Searches for Higgs boson pair production in the $hh\to bbττ, γγWW*, γγbb, bbbb$ channels with the ATLAS detector",Phys. Rev. D 92 (2015) 092004,10.1103/PhysRevD.92.092004,2015
1606.04782,Search for pair production of Higgs bosons in the $b\bar{b}b\bar{b}$ final state using proton--proton collisions at $\sqrt{s} = 13$ TeV with the ATLAS detector,"Phys. Rev. D 94, 052002 (2016)",,2016
1804.06174,Search for pair production of Higgs bosons in the $b\bar{b}b\bar{b}$ final state using proton-proton collisions at $\sqrt{s} = 13$ TeV with the ATLAS detector,JHEP 01 (2019) 030,10.1007/JHEP01(2019)030,2018
2001.05178,Search for the $HH \rightarrow b \bar{b} b \bar{b}$ process via vector-boson fusion production using proton-proton collisions at $\sqrt{s} = 13$ TeV with the ATLAS detector,JHEP 07 (2020) 108,10.1007/JHEP01(2021)145,2020
2202.07288,Search for resonant pair production of Higgs bosons in the $b\bar{b}b\bar{b}$ final state using $pp$ collisions at $\sqrt{s}$ = 13 TeV with the ATLAS detector,Phys. Rev. D 105 (2022) 092002,10.1103/PhysRevD.105.092002,2022
2404.17193,Search for pair production of boosted Higgs bosons via vector-boson fusion in the $b\bar{b}b\bar{b}$ final state using $pp$ collisions at $\sqrt{s} = 13$ TeV with the ATLAS detector,Phys. Lett. B 858 (2024) 139007,10.1016/j.physletb.2024.139007,2024
2307.11120,Search for a new heavy scalar particle decaying into a Higgs boson and a new scalar singlet in final states with one or two light leptons and a pair of $τ$-leptons with the ATLAS detector,JHEP 10 (2023) 009,10.1007/JHEP10(2023)009,2023
2404.12915,Search for a resonance decaying into a scalar particle and a Higgs boson in the final state with two bottom quarks and two photons in proton-proton collisions at a center of mass energy of 13 TeV with the ATLAS detector,JHEP 11 (2024) 047,10.1007/JHEP11(2024)047,2024
2405.20926,Search for a resonance decaying into a scalar particle and a Higgs boson in final states with leptons and two photons in proton-proton collisions at $\sqrt s=13$ TeV with the ATLAS detector,JHEP 10 (2024) 104,10.1007/JHEP10(2024)104,2024
2510.02857,Search for a resonance decaying into a scalar particle and a Higgs boson in the final state with two bottom quarks and two photons with 199 fb$^{-1}$ of data collected at $\sqrt{s}$=13 and 13.6 TeV with the ATLAS detector,PLB 877 (2026) 140425,10.1016/j.physletb.2026.140425,2025
2607.18484,Search for new scalars via $X \rightarrow SH \rightarrow b\bar{b}b\bar{b}$ in proton-proton collisions at $\sqrt{s} = 13$ TeV with the ATLAS detector,,,2026
1502.04478,Search for a CP-odd Higgs boson decaying to $Zh$ in $pp$ collisions at $\sqrt{s} = 8$ TeV with the ATLAS detector,Physics Letters B 744 (2015) 163-183,10.1016/j.physletb.2015.03.054,2015
1804.01126,Search for a heavy Higgs boson decaying into a $Z$ boson and another heavy Higgs boson in the $\ell\ell bb$ final state in $pp$ collisions at $\sqrt{s}=13$ TeV with the ATLAS detector,Phys. Lett. B 783 (2018) 392,10.1016/j.physletb.2018.07.006,2018
2011.05639,Search for a heavy Higgs boson decaying into a $Z$ boson and another heavy Higgs boson in the $\ell\ell bb$ and $\ell\ell WW$ final states in $pp$ collisions at $\sqrt{s}$ = 13 TeV with the ATLAS detector,Eur. Phys. J. C. 81 (2021) 396,10.1140/epjc/s10052-021-09117-5,2020
2311.04033,Search for a CP-odd Higgs boson decaying into a heavy CP-even Higgs boson and a $Z$ boson in the $\ell^+\ell^- t\bar{t}$ and $ν\barνb\bar{b}$ final states using 140 fb$^{-1}$ of data collected with the ATLAS detector,JHEP 02 (2024) 197,10.1007/JHEP02(2024)197,2023
1406.5053,Search For Higgs Boson Pair Production in the $γγb\bar{b}$ Final State using $pp$ Collision Data at $\sqrt{s}=8$ TeV from the ATLAS Detector,"Phys. Rev. Lett. 114, 081802 (2015)",10.1103/PhysRevLett.114.081802,2014
1807.04873,Search for Higgs boson pair production in the $γγb\bar{b}$ final state with 13 TeV $pp$ collision data collected by the ATLAS experiment,JHEP 11 (2018) 040,10.1007/JHEP11(2018)040,2018
2112.11876,Search for Higgs boson pair production in the two bottom quarks plus two photons final state in $pp$ collisions at $\sqrt{s}=13$ TeV with the ATLAS detector,Phys. Rev. D 106 (2022) 052001,10.1103/PhysRevD.106.052001,2021
1807.08567,Search for Higgs boson pair production in the $γγWW^{*}$ channel using $pp$ collision data recorded at $\sqrt{s} = 13$ TeV with the ATLAS detector,Eur. Phys. J. C 78 (2018) 1007,10.1140/epjc/s10052-018-6457-x,2018
1811.04671,Search for Higgs boson pair production in the $b\bar{b}WW^{*}$ decay mode at $\sqrt{s}=13$ TeV with the ATLAS detector,JHEP 04 (2019) 092,10.1007/JHEP04(2019)092,2018
1811.11028,Search for Higgs boson pair production in the $WW^{(*)}WW^{(*)}$ decay channel using ATLAS data recorded at $\sqrt{s}=13$ TeV,JHEP 05 (2019) 124,10.1007/JHEP05(2019)124,2018
1808.00336,Search for resonant and non-resonant Higgs boson pair production in the ${b\bar{b}τ^+τ^-}$ decay channel in $pp$ collisions at $\sqrt{s}=13$ TeV with the ATLAS detector,"Phys. Rev. Lett. 121, 191801 (2018)",10.1103/PhysRevLett.121.191801,2018
2209.10910,Search for resonant and non-resonant Higgs boson pair production in the $b\bar bτ^+τ^-$ decay channel using 13 TeV $pp$ collision data from the ATLAS detector,JHEP 07 (2023) 040,10.1007/JHEP07(2023)040,2022
1709.06783,A search for resonances decaying into a Higgs boson and a new particle $X$ in the $XH \to qqbb$ final state with the ATLAS detector,Phys. Lett. B 779 (2018) 24,10.1016/j.physletb.2018.01.042,2017
2306.03637,Anomaly detection search for new resonances decaying into a Higgs boson and a generic new particle $X$ in hadronic final states using $\sqrt{s} = 13$ TeV $pp$ collisions with the ATLAS detector,Phys. Rev. D 108 (2023) 052009,10.1103/PhysRevD.108.052009,2023
1503.04233,Search for a Charged Higgs Boson Produced in the Vector-boson Fusion Mode with Decay $H^\pm \to W^\pm Z$ using $pp$ Collisions at $\sqrt{s}=8$ TeV with the ATLAS Experiment,"Phys. Rev. Lett. 114, 231801 (2015)",10.1103/PhysRevLett.114.231801,2015
2411.03969,Search for a heavy charged Higgs boson decaying into a $W$ boson and a Higgs boson in final states with leptons and $b$-jets in $\sqrt{s} = 13$ TeV $pp$ collisions with the ATLAS detector,JHEP 02 (2025) 143,10.1007/JHEP02(2025)143,2024
1907.02749,Search for heavy neutral Higgs bosons produced in association with $b$-quarks and decaying into $b$-quarks at $\sqrt{s}=13$ TeV with the ATLAS detector,"Phys. Rev. D 102, 032004 (2020)",10.1103/PhysRevD.102.032004,2019
2503.17254,Search for a new pseudoscalar decaying into a pair of bottom and antibottom quarks in top-associated production in $\sqrt{s}$=13 TeV proton-proton collisions with the ATLAS detector,Eur. Phys. J. C 85 (2025) 886,10.1140/epjc/s10052-025-14507-0,2025
2210.05415,Search for Higgs boson pair production in association with a vector boson in $pp$ collisions at $\sqrt{s}=$ 13 TeV with the ATLAS detector,Eur. Phys. J. C 83 (2023) 519,10.1140/epjc/s10052-023-11559-y,2022
2411.02040,A search for triple Higgs boson production in the $6b$ final state using $pp$ collisions at $\sqrt{s}=13$ TeV with the ATLAS detector,Phys. Rev. D 111 (2025) 032006,10.1103/PhysRevD.111.032006,2024
2301.03902,"Search for a new scalar resonance in flavour-changing neutral-current top-quark decays $t \rightarrow qX$ ($q=u,c$), with $X \rightarrow b\bar{b}$, in proton-proton collisions at $\sqrt{s}=13$ TeV with the ATLAS detector",JHEP07(2023)199,10.1007/JHEP07(2023)199,2023
2603.13113,Search for Higgs boson pair production in association with top-quark pairs using 196 fb$^{-1}$ of proton-proton collision data at $\sqrt{s}=$ 13 and 13.6 TeV with the ATLAS detector,,,2026
1104.4481,Search for pair production of first or second generation leptoquarks in proton-proton collisions at sqrt(s)=7 TeV using the ATLAS detector at the LHC,Phys.Rev.D 83 (2011) 112006,10.1103/PhysRevD.83.112006,2011
1112.4828,Search for first generation scalar leptoquarks in pp collisions at sqrt(s) = 7 TeV with the ATLAS detector,Phys. Lett. B709 (2012) 158-176,10.1016/j.physletb.2012.02.004,2011
1203.3172,Search for second generation scalar leptoquarks in pp collisions at sqrt(s) = 7 TeV with the ATLAS detector,Eur.Phys.J. C72 (2012) 2151,10.1140/epjc/s10052-012-2151-6,2012
1508.04735,Searches for scalar leptoquarks in $pp$ collisions at $\sqrt{s}$ = 8 TeV with the ATLAS detector,"Eur. Phys. J. C, 76(1), 1-28 (2016)",10.1140/epjc/s10052-015-3823-9,2015
1605.06035,Search for scalar leptoquarks in $pp$ collisions at $\sqrt{s} = 13$ TeV with the ATLAS experiment,New J. Phys. 18 (2016) 093016,10.1088/1367-2630/18/9/093016,2016
1902.00377,Searches for scalar leptoquarks and differential cross-section measurements in dilepton-dijet events in proton-proton collisions at a centre-of-mass energy of $\sqrt{s}$ = 13 TeV with the ATLAS experiment,Eur. Phys. J. C 79 (2019) 733,10.1140/epjc/s10052-019-7181-x,2019
2006.05872,Search for pairs of scalar leptoquarks decaying into quarks and electrons or muons in $\sqrt{s}=13$ TeV pp collisions with the ATLAS detector,JHEP 10 (2020) 112,10.1007/JHEP10(2020)112,2020
2010.02098,Search for pair production of scalar leptoquarks decaying into first- or second-generation leptons and top quarks in proton-proton collisions at $\sqrt{s}$ = 13 TeV with the ATLAS detector,Eur. Phys. J. C 81 (2021) 313,10.1140/epjc/s10052-021-09009-8,2020
2210.04517,Search for pair-produced scalar and vector leptoquarks decaying into third-generation quarks and first- or second-generation leptons in pp collisions with the ATLAS detector,JHEP 06(2023)188,10.1007/JHEP06(2023)188,2022
1303.0526,Search for third generation scalar leptoquarks in pp collisions at sqrt(s) = 7 TeV with the ATLAS detector,JHEP06(2013)033,10.1007/JHEP06(2013)033,2013
1902.08103,Searches for third-generation scalar leptoquarks in $\sqrt{s}$ = 13 TeV pp collisions with the ATLAS detector,JHEP 06 (2019) 144,10.1007/JHEP06(2019)144,2019
2101.11582,Search for pair production of third-generation scalar leptoquarks decaying into a top quark and a $τ$-lepton in $pp$ collisions at $\sqrt{s}=13$ TeV with the ATLAS detector,JHEP 06 (2021) 179,10.1007/JHEP06(2021)179,2021
2303.01294,Search for pair production of third-generation leptoquarks decaying into a bottom quark and a $τ$-lepton with the ATLAS detector,Eur. Phys. J. C 83 (2023) 1075,10.1140/epjc/s10052-023-12104-7,2023
2305.15962,Search for leptoquarks decaying into the b$τ$ final state in $pp$ collisions at $\sqrt{s}=13$ TeV with the ATLAS detector,JHEP 10 (2023) 001,10.1007/JHEP10(2023)001,2023
2306.17642,Search for leptoquark pair production decaying into $te^- \bar{t}e^+$ or $tμ^- \bar{t}μ^+$ in multi-lepton final states in $pp$ collisions at 13 TeV with the ATLAS detector,Eur. Phys. J. C 84 (2024) 818,10.1140/epjc/s10052-024-12975-4,2023
2606.02067,Search for a leptoquark in events with a hadronically decaying $τ$-lepton and missing transverse momentum using $pp$ collisions at $\sqrt{s}=13$ TeV with the ATLAS detector,,,2026
1201.3293,Search for excited leptons in proton-proton collisions at sqrt(s) = 7 TeV with the ATLAS detector,Phys. Rev. D85 (2012) 072003,10.1103/PhysRevD.85.072003,2012
1308.1364,Search for excited electrons and muons in sqrt(s)=8 TeV proton-proton collisions with the ATLAS detector,New J. Phys. 15 (2013) 093011,10.1088/1367-2630/15/9/093011,2013
1601.05627,A search for an excited muon decaying to a muon and two jets in $pp$ collisions at $\sqrt{s}$ = 8 TeV with the ATLAS detector,New J. Phys. 18 (2016) 073021,10.1088/1367-2630/18/7/073021,2016
1906.03204,Search for excited electrons singly produced in proton-proton collisions at $\sqrt{s} = 13$ TeV with the ATLAS experiment at the LHC,Eur. Phys. J. C 79 (2019) 803,10.1140/epjc/s10052-019-7295-1,2019
2303.09444,Search for excited $τ$-leptons and leptoquarks in the final state with $τ$-leptons and jets in pp collisions at $\sqrt{s} = 13$ TeV with the ATLAS detector,JHEP 06 (2023) 199,10.1007/JHEP06(2023)199,2023
1203.5420,Search for heavy neutrinos and right-handed W bosons in events with two leptons and jets in pp collisions at sqrt(s) = 7 TeV with the ATLAS detector,Eur.Phys.J. C72 (2012) 2056,10.1140/epjc/s10052-012-2056-4,2012
1506.06020,Search for heavy Majorana neutrinos with the ATLAS detector in pp collisions at $\sqrt{s} = 8$ TeV,JHEP07(2015)162,10.1007/JHEP07(2015)162,2015
1809.11105,Search for heavy Majorana or Dirac neutrinos and right-handed $W$ gauge bosons in final states with two charged leptons and two jets at $\sqrt{s}$ = 13 TeV with the ATLAS detector,JHEP 01(2019) 016,10.1007/JHEP01(2019)016,2018
1904.12679,Search for a right-handed gauge boson decaying into a high-momentum heavy neutrino and a charged lepton in $pp$ collisions with the ATLAS detector at $\sqrt{s}=13$ TeV,Phys. Lett. B 798 (2019) 134942,10.1016/j.physletb.2019.134942,2019
2304.09553,Search for heavy Majorana or Dirac neutrinos and right-handed $W$ gauge bosons in final states with charged leptons and jets in $pp$ collisions at $\sqrt{s}=13$ TeV with the ATLAS detector,Eur. Phys. J. C 83 (2023) 1164,10.1140/epjc/s10052-023-12021-9,2023
1311.2006,Search for Quantum Black-Hole Production in High-Invariant-Mass Lepton+Jet Final States Using Proton-Proton Collisions at sqrt(s) = 8 TeV and the ATLAS Detector,"Phys. Rev. Lett 112, 091804 (2014)",10.1103/PhysRevLett.112.091804,2013
2307.14967,Search for quantum black hole production in lepton+jet final states using proton-proton collisions at $\sqrt{s}$ = 13 TeV with the ATLAS detector,Phys. Rev. D 109 (2024) 032010,10.1103/PhysRevD.109.032010,2023
2604.19495,Search for quantum black holes in lepton+jet final states using proton-proton collisions at $\sqrt{s}=13.6$ TeV with the ATLAS detector,,,2026
2507.03650,Search for resonant leptoquark production via lepton-jet signatures in $pp$ collisions at $\sqrt{s} = 13$ TeV and $\sqrt{s} = 13.6$ TeV with the ATLAS detector,JHEP 12 (2025) 180,10.1007/JHEP12(2025)180,2025
1506.01291,Search for heavy lepton resonances decaying to a $Z$ boson and a lepton in $pp$ collisions at $\sqrt{s}=8$ TeV with the ATLAS detector,JHEP09(2015)108,10.1007/JHEP09(2015)108,2015
1501.03276,Search for Higgs and $Z$ Boson Decays to $J/ψγ$ and $Υ(nS)γ$ with the ATLAS Detector,"Phys. Rev. Lett. 114, 121801 (2015)",10.1103/PhysRevLett.114.121801,2015
1607.03400,"Search for Higgs and $Z$ Boson Decays to $φ\,γ$ with the ATLAS Detector","Phys. Rev. Lett. 117, 111802 (2016)",10.1103/PhysRevLett.117.111802,2016
1712.02758,Search for exclusive Higgs and $Z$ boson decays to $φγ$ and $ργ$ with the ATLAS detector,JHEP 07 (2018) 127,10.1007/JHEP07(2018)127,2017
1807.00802,"Searches for exclusive Higgs and $Z$ boson decays into $J/ψγ$, $ψ(2S)γ$, and $Υ(nS)γ$ at $\sqrt{s}=13$ TeV with the ATLAS detector",Phys. Lett. B 786 (2018) 134,10.1016/j.physletb.2018.09.024,2018
2208.03122,Searches for exclusive Higgs and $Z$ boson decays into a vector quarkonium state and a photon using $139$ fb$^{-1}$ of ATLAS $\sqrt{s}=13$ TeV proton$-$proton collision data,Eur. Phys. J. C 83 (2023) 781,10.1140/epjc/s10052-023-11869-1,2022
2301.09938,Search for exclusive Higgs and $Z$ boson decays to $ωγ$ and Higgs boson decays to $K^{*}γ$ with the ATLAS detector,Phys. Lett. B. 847 (2023) 138292,10.1016/j.physletb.2023.138292,2023
2402.18731,Searches for exclusive Higgs boson decays into $D^*γ$ and $Z$ boson decays into $D^0γ$ and $K^0_sγ$ in $pp$ collisions at $\sqrt{s} = 13$ TeV with the ATLAS detector,Phys. Lett. B 855 (2024) 138762,10.1016/j.physletb.2024.138762,2024
1210.5070,Search for doubly-charged Higgs bosons in like-sign dilepton final states at sqrt(s) = 7 TeV with the ATLAS detector,Eur.Phys.J. C72 (2012) 2244,10.1140/epjc/s10052-012-2244-2,2012
1412.0237,Search for anomalous production of prompt same-sign lepton pairs and pair-produced doubly charged Higgs bosons with $\sqrt{s} = 8$ TeV $pp$ collisions using the ATLAS detector,JHEP 03 (2015) 041,10.1007/JHEP03(2015)041,2014
1710.09748,Search for doubly charged Higgs boson production in multi-lepton final states with the ATLAS detector using proton-proton collisions at $\sqrt{s}$ = 13 TeV,Eur. Phys. J. C 78 (2018) 199,10.1140/EPJC/S10052-018-5661-Z,2017
1808.01899,Search for doubly charged scalar bosons decaying into same-sign $W$ boson pairs with the ATLAS detector,Eur. Phys. J. C (2019) 79: 58,10.1140/epjc/s10052-018-6500-y,2018
2101.11961,Search for doubly and singly charged Higgs bosons decaying into vector bosons in multi-lepton final states with the ATLAS detector using proton-proton collisions at $\sqrt{s}$ = 13 TeV,JHEP 06 (2021) 146,10.1007/JHEP06(2021)146,2021
2211.07505,Search for doubly charged Higgs boson production in multi-lepton final states using 139 fb$^{-1}$ of proton-proton collisions at $\sqrt{s}$ = 13 TeV with the ATLAS detector,Eur. Phys. J C 83 (2023) 605,10.1140/epjc/s10052-023-11578-9,2022
1905.09787,Search for heavy neutral leptons in decays of $W$ bosons produced in 13 TeV $pp$ collisions using prompt and displaced signatures with the ATLAS detector,JHEP 10 (2019) 265,10.1007/JHEP10(2019)265,2019
2204.11988,Search for heavy neutral leptons in decays of $W$ bosons using a dilepton displaced vertex in $\sqrt{s}=13$ TeV $pp$ collisions with the ATLAS detector,Phys. Rev. Lett. 131 (2023) 061803,10.1103/PhysRevLett.131.061803,2022
2503.16213,Search for heavy neutral leptons in decays of W bosons using leptonic and semi-leptonic displaced vertices in $\sqrt{s} = 13$ TeV $pp$ collisions with the ATLAS detector,JHEP 07 (2025) 196,10.1007/JHEP07(2025)196,2025
2508.20929,Search for heavy neutral leptons in decays of W bosons produced in 13 TeV pp collisions using prompt signatures in the ATLAS detector,Eur.Phys.J. C 86 (2026) 153,10.1140/epjc/s10052-025-15191-w,2025
2508.19778,Search for Beyond the Standard Model physics with anomaly detection in multilepton final states in $pp$ collisions at $\sqrt{s}=13$ TeV with the ATLAS detector,Eur. Phys. J. C 86 (2026) 247,10.1140/epjc/s10052-025-15218-2,2025
2211.08945,Search for new phenomena in multi-body invariant masses in events with at least one isolated lepton and two jets using $\sqrt{s} = 13$ TeV proton-proton collision data collected by the ATLAS detector,JHEP 07 (2023) 202,10.1007/JHEP07(2023)202,2022
2307.01612,Search for new phenomena in two-body invariant mass distributions using unsupervised machine learning for anomaly detection at $\sqrt{s} = 13$ TeV with the ATLAS detector,Phys. Rev. Lett. 132 (2024) 081801,10.1103/PhysRevLett.132.081801,2023
2306.07413,Search for Dark Photons in Rare $Z$ Boson Decays with the ATLAS Detector,Phys. Rev. Lett. 131 (2023) 251801,10.1103/PhysRevLett.131.251801,2023
2304.12885,Search in diphoton and dielectron final states for displaced production of Higgs or $Z$ bosons with the ATLAS detector in $\sqrt{s} = 13$ TeV $pp$ collisions,Phys. Rev. D 108 (2023) 012012,10.1103/PhysRevD.108.012012,2023
